url,name,header,rooms,facilities,badge,rating_n_reviews,price,superhost
/rooms/41768061?adults=4&check_in=2021-02-06&check_out=2021-02-13&previous_page_section_name=1000&federated_search_id=3e89d83a-a0c0-404e-af17-8699c29f7fc9,Appartements Austria,Entire apartment in Finkenberg,5 guests · 2 bedrooms · 5 beds · 2 baths,Wifi · Kitchen · Free parking,empty,5.0 (5),Price:$175,empty
/rooms/39016327?adults=4&check_in=2021-02-06&check_out=2021-02-13&previous_page_section_name=1000&federated_search_id=3e89d83a-a0c0-404e-af17-8699c29f7fc9,Logenplatz Zillertal Chalet,Entire chalet in Ramsau im Zillertal,7 guests · 4 bedrooms · 4 beds · 3 baths,Wifi · Kitchen · Free parking · Pets allowed,empty,5.0 (3),Price:$460,empty
/rooms/1839268?adults=4&check_in=2021-02-06&check_out=2021-02-13&previous_page_section_name=1000&federated_search_id=3e89d83a-a0c0-404e-af17-8699c29f7fc9,Schicke Almhütte im Zillertal,Hut in Schwaz District,6 guests · 3 bedrooms · 3 beds · 1 bath,Wifi · Kitchen · Indoor fireplace,New lower price,4.93 (84),Previous price:$413Discounted price:$242,empty
/rooms/39881589?adults=4&check_in=2021-02-06&check_out=2021-02-13&previous_page_section_name=1000&federated_search_id=3e89d83a-a0c0-404e-af17-8699c29f7fc9,Pleasant penthouse in Mayrhofen with Sauna,Entire apartment in Mayrhofen,6 guests · 2 bedrooms · 3 beds · 0 baths,Wifi · Kitchen · Dishwasher,empty,empty,Price:$301,empty
/rooms/22852997?adults=4&check_in=2021-02-06&check_out=2021-02-13&previous_page_section_name=1000&federated_search_id=3e89d83a-a0c0-404e-af17-8699c29f7fc9,Ferienwohnung Wiesberg,Entire apartment in Schwendau,4 guests · 2 bedrooms · 4 beds · 1 bath,Wifi · Kitchen · Free parking · Washer,empty,5.0 (7),Price:$115,empty
/rooms/26120583?adults=4&check_in=2021-02-06&check_out=2021-02-13&previous_page_section_name=1000&federated_search_id=3e89d83a-a0c0-404e-af17-8699c29f7fc9,Idyllic Apartment in Hippach with Ski-Storage near Ski Area,Entire apartment in Hippach,5 guests · 1 bedroom · 3 beds · 1 bath,Wifi · Kitchen · Pets allowed · Dishwasher,empty,empty,Price:$107,empty
/rooms/39723902?adults=4&check_in=2021-02-06&check_out=2021-02-13&previous_page_section_name=1000&federated_search_id=3e89d83a-a0c0-404e-af17-8699c29f7fc9,Astegger Talhof,Entire apartment in Finkenberg,10 guests · 5 bedrooms · 7 beds · 5 baths,Wifi · Kitchen · Free parking · Pets allowed,empty,4.90 (10),Price:$314,SUPERHOST
/rooms/46279260?adults=4&check_in=2021-02-06&check_out=2021-02-13&previous_page_section_name=1000&federated_search_id=3e89d83a-a0c0-404e-af17-8699c29f7fc9,Appartement Bergkristall,Entire apartment in Mayrhofen,4 guests · 2 bedrooms · 2 beds · 1 bath,Wifi · Kitchen · Free parking · Pets allowed,empty,empty,Price:$121,empty
/rooms/46427037?adults=4&check_in=2021-02-06&check_out=2021-02-13&previous_page_section_name=1000&federated_search_id=3e89d83a-a0c0-404e-af17-8699c29f7fc9,MO's Apartments,Entire apartment in Mayrhofen,6 guests · 2 bedrooms · 6 beds · 1 bath,Wifi · Air conditioning · Kitchen · Free parking,empty,empty,Price:$218,empty
/rooms/43838150?adults=4&check_in=2021-02-06&check_out=2021-02-13&previous_page_section_name=1000&federated_search_id=3e89d83a-a0c0-404e-af17-8699c29f7fc9,Haus Claudia,Entire apartment in Schwendau,6 guests · 3 bedrooms · 3 beds · 2 baths,Wifi · Kitchen · Free parking,empty,4.67 (3),Price:$194,SUPERHOST
/rooms/38102290?adults=4&check_in=2021-02-06&check_out=2021-02-13&previous_page_section_name=1000&federated_search_id=3e89d83a-a0c0-404e-af17-8699c29f7fc9,Luxurious Apartment in Hippach near Ski Area,Entire apartment in Hippach,4 guests · 2 bedrooms · 2 beds · 1 bath,Wifi · Kitchen · Dishwasher,empty,4.33 (3),Price:$134,empty
/rooms/37047084?adults=4&check_in=2021-02-06&check_out=2021-02-13&previous_page_section_name=1000&federated_search_id=3e89d83a-a0c0-404e-af17-8699c29f7fc9,Apartement Marianne,Entire apartment in Ramsau im Zillertal,4 guests · 3 bedrooms · 3 beds · 2 baths,Wifi · Kitchen · Free parking · Dishwasher,empty,5.0 (13),Price:$156,empty
/rooms/23119779?adults=4&check_in=2021-02-06&check_out=2021-02-13&previous_page_section_name=1000&federated_search_id=3e89d83a-a0c0-404e-af17-8699c29f7fc9,Apartment Partoll Top 2,Entire apartment in Mayrhofen,5 guests · 2 bedrooms · 2 beds · 1 bath,Wifi · Kitchen · Free parking,empty,5.0 (14),Price:$484,SUPERHOST
/rooms/46523165?adults=4&check_in=2021-02-06&check_out=2021-02-13&previous_page_section_name=1000&federated_search_id=3e89d83a-a0c0-404e-af17-8699c29f7fc9,Apartment 2 Villa Daringer (5 pax.),Entire apartment in Mayrhofen,5 guests · 2 bedrooms · 5 beds · 1 bath,Wifi · Free parking,empty,empty,Price:$212,empty
/rooms/22134628?adults=4&check_in=2021-02-06&check_out=2021-02-13&previous_page_section_name=1000&federated_search_id=3e89d83a-a0c0-404e-af17-8699c29f7fc9,Mountain chalet,Entire apartment in Mayrhofen,6 guests · 3 bedrooms · 4 beds · 1 bath,Wifi · Kitchen · Free parking · Pets allowed,New lower price,4.83 (116),Previous price:$345Discounted price:$238,SUPERHOST
/rooms/5269085?adults=4&check_in=2021-02-06&check_out=2021-02-13&previous_page_section_name=1000&federated_search_id=3e89d83a-a0c0-404e-af17-8699c29f7fc9,Spacious and Quiet Home with View,Entire apartment in Ramsau im Zillertal,8 guests · 4 bedrooms · 5 beds · 2 baths,Wifi · Kitchen · Free parking · Dishwasher,empty,5.0 (15),Price:$218,empty
/rooms/36807411?adults=4&check_in=2021-02-06&check_out=2021-02-13&previous_page_section_name=1000&federated_search_id=3e89d83a-a0c0-404e-af17-8699c29f7fc9,Spacious Apartment in Ramsau im Zillertal near Ski Area,Entire apartment in Mayrhofen-Ramsau,6 guests · 2 bedrooms · 3 beds · 2 baths,Wifi · Kitchen · Dishwasher,empty,empty,Price:$178,empty
/rooms/46427203?adults=4&check_in=2021-02-06&check_out=2021-02-13&previous_page_section_name=1000&federated_search_id=3e89d83a-a0c0-404e-af17-8699c29f7fc9,MO's Apartments,Entire apartment in Mayrhofen,5 guests · 1 bedroom · 5 beds · 1 bath,Wifi · Air conditioning · Kitchen · Free parking,empty,empty,Price:$191,empty
/rooms/23911924?adults=4&check_in=2021-02-06&check_out=2021-02-13&previous_page_section_name=1000&federated_search_id=3e89d83a-a0c0-404e-af17-8699c29f7fc9,Gemütliche Ferienwohnung in Mayrhofen,Entire apartment in Mayrhofen,5 guests · 2 bedrooms · 5 beds · 2 baths,Wifi · Kitchen · Free parking · Pets allowed,empty,empty,Price:$170,empty
/rooms/17771590?adults=4&check_in=2021-02-06&check_out=2021-02-13&previous_page_section_name=1000&federated_search_id=3e89d83a-a0c0-404e-af17-8699c29f7fc9,Luxus-Apartment AHORN mit 3 Schlafzimmern,Entire condominium in Mayrhofen,6 guests · 3 bedrooms · 6 beds · 2 baths,Wifi · Kitchen · Free parking · Elevator,empty,empty,Price:$569,empty
/rooms/22134628?adults=4&check_in=2021-02-06&check_out=2021-02-13&previous_page_section_name=1000&federated_search_id=2984c968-28e5-4e0d-96dc-bbe45a08f8db,Mountain chalet,Entire apartment in Mayrhofen,6 guests · 3 bedrooms · 4 beds · 1 bath,empty,New lower price,4.83 (116),$345,SUPERHOST
/rooms/18013725?adults=4&check_in=2021-02-06&check_out=2021-02-13&previous_page_section_name=1000&federated_search_id=2984c968-28e5-4e0d-96dc-bbe45a08f8db,Luxus-Apartment ENZIAN mit 1 Schlafzimmer,Entire condominium in Mayrhofen,4 guests · 1 bedroom · 2 beds · 1 bath,empty,empty,5.0 (3),empty,empty
/rooms/46523165?adults=4&check_in=2021-02-06&check_out=2021-02-13&previous_page_section_name=1000&federated_search_id=2984c968-28e5-4e0d-96dc-bbe45a08f8db,Apartment 2 Villa Daringer (5 pax.),Entire apartment in Mayrhofen,5 guests · 2 bedrooms · 5 beds · 1 bath,empty,empty,empty,empty,empty
/rooms/36806418?adults=4&check_in=2021-02-06&check_out=2021-02-13&previous_page_section_name=1000&federated_search_id=2984c968-28e5-4e0d-96dc-bbe45a08f8db,Beautiful Apartment in Aschau im Zillertal with Terrace,Entire apartment in Aschau im Zillertal,9 guests · 4 bedrooms · 7 beds · 4 baths,empty,empty,empty,empty,empty
/rooms/5269085?adults=4&check_in=2021-02-06&check_out=2021-02-13&previous_page_section_name=1000&federated_search_id=2984c968-28e5-4e0d-96dc-bbe45a08f8db,Spacious and Quiet Home with View,Entire apartment in Ramsau im Zillertal,8 guests · 4 bedrooms · 5 beds · 2 baths,empty,empty,5.0 (15),empty,empty
/rooms/34855175?adults=4&check_in=2021-02-06&check_out=2021-02-13&previous_page_section_name=1000&federated_search_id=2984c968-28e5-4e0d-96dc-bbe45a08f8db,Ferienwohnung Zillertal,Entire apartment in Zellberg,8 guests · 3 bedrooms · 4 beds · 2 baths,empty,empty,5.0 (6),empty,empty
/rooms/23911924?adults=4&check_in=2021-02-06&check_out=2021-02-13&previous_page_section_name=1000&federated_search_id=2984c968-28e5-4e0d-96dc-bbe45a08f8db,Gemütliche Ferienwohnung in Mayrhofen,Entire apartment in Mayrhofen,5 guests · 2 bedrooms · 5 beds · 2 baths,empty,empty,empty,empty,empty
/rooms/38735954?adults=4&check_in=2021-02-06&check_out=2021-02-13&previous_page_section_name=1000&federated_search_id=2984c968-28e5-4e0d-96dc-bbe45a08f8db,APPARTEMENT AHORN,Entire apartment in Ramsau im Zillertal,5 guests · 2 bedrooms · 4 beds · 2 baths,empty,empty,empty,empty,empty
/rooms/24850761?adults=4&check_in=2021-02-06&check_out=2021-02-13&previous_page_section_name=1000&federated_search_id=2984c968-28e5-4e0d-96dc-bbe45a08f8db,"Apart EMMA, neuwertiges Ferienhaus in Finkenberg",Entire townhouse in Finkenberg,4 guests · 2 bedrooms · 2 beds · 1.5 baths,empty,empty,4.96 (25),empty,SUPERHOST
/rooms/19742391?adults=4&check_in=2021-02-06&check_out=2021-02-13&previous_page_section_name=1000&federated_search_id=2984c968-28e5-4e0d-96dc-bbe45a08f8db,Ferienwohnung Hauser,Entire apartment in Gerlosberg,5 guests · 2 bedrooms · 5 beds · 2 baths,empty,empty,4.82 (22),empty,SUPERHOST
/rooms/36807411?adults=4&check_in=2021-02-06&check_out=2021-02-13&previous_page_section_name=1000&federated_search_id=2984c968-28e5-4e0d-96dc-bbe45a08f8db,Spacious Apartment in Ramsau im Zillertal near Ski Area,Entire apartment in Mayrhofen-Ramsau,6 guests · 2 bedrooms · 3 beds · 2 baths,empty,empty,empty,empty,empty
/rooms/5787114?adults=4&check_in=2021-02-06&check_out=2021-02-13&previous_page_section_name=1000&federated_search_id=2984c968-28e5-4e0d-96dc-bbe45a08f8db,The ski-in ski-out apartment inTux,Entire apartment in Gemeinde Tux,6 guests · 3 bedrooms · 3 beds · 1.5 baths,empty,empty,4.95 (43),empty,empty
/rooms/13582868?adults=4&check_in=2021-02-06&check_out=2021-02-13&previous_page_section_name=1000&federated_search_id=2984c968-28e5-4e0d-96dc-bbe45a08f8db,Apartment mit Herz,Entire apartment in Finkenberg,7 guests · 4 bedrooms · 4 beds · 2 baths,empty,empty,4.70 (29),empty,empty
/rooms/26208282?adults=4&check_in=2021-02-06&check_out=2021-02-13&previous_page_section_name=1000&federated_search_id=2984c968-28e5-4e0d-96dc-bbe45a08f8db,Secluded Farmhouse in Tyrol near Ski Area,Entire house in Mayrhofen - Schwendau,4 guests · 1 bedroom · 3 beds · 1 bath,empty,empty,5.0 (4),empty,empty
/rooms/14800146?adults=4&check_in=2021-02-06&check_out=2021-02-13&previous_page_section_name=1000&federated_search_id=2984c968-28e5-4e0d-96dc-bbe45a08f8db,Uriges Bauernhaus - Nähe Schigebiet,Entire house in Gerlosberg,10 guests · 3 bedrooms · 9 beds · 2.5 baths,empty,empty,4.97 (76),empty,SUPERHOST
/rooms/45152798?adults=4&check_in=2021-02-06&check_out=2021-02-13&previous_page_section_name=1000&federated_search_id=2984c968-28e5-4e0d-96dc-bbe45a08f8db,Mountain-view Apartment in Finkenberg with Sauna,Entire apartment in Finkenberg,6 guests · 2 bedrooms · 3 beds · 3 baths,empty,empty,empty,empty,empty
/rooms/45152814?adults=4&check_in=2021-02-06&check_out=2021-02-13&previous_page_section_name=1000&federated_search_id=2984c968-28e5-4e0d-96dc-bbe45a08f8db,Inviting Apartment in Finkenberg with Sauna and Balcony,Entire apartment in Finkenberg,6 guests · 2 bedrooms · 3 beds · 3 baths,empty,empty,empty,empty,empty
/rooms/42171377?adults=4&check_in=2021-02-06&check_out=2021-02-13&previous_page_section_name=1000&federated_search_id=2984c968-28e5-4e0d-96dc-bbe45a08f8db,Apart Auszeit,Entire apartment in Hippach,6 guests · 3 bedrooms · 4 beds · 2 baths,empty,empty,5.0 (3),empty,empty
/rooms/36806509?adults=4&check_in=2021-02-06&check_out=2021-02-13&previous_page_section_name=1000&federated_search_id=2984c968-28e5-4e0d-96dc-bbe45a08f8db,Wooden Chalet in Zell am Ziller with Terrace and Views,Entire chalet in Zell am Ziller-Gerlosberg,12 guests · 6 bedrooms · 7 beds · 3 baths,empty,empty,empty,empty,empty
/rooms/43969622?adults=4&check_in=2021-02-06&check_out=2021-02-13&previous_page_section_name=1000&federated_search_id=2984c968-28e5-4e0d-96dc-bbe45a08f8db,Apartement Schmalzl - Terrace,Entire apartment in Finkenberg,5 guests · 2 bedrooms · 4 beds · 1 bath,empty,empty,4.88 (8),empty,empty
/rooms/10725579?adults=4&check_in=2021-02-06&check_out=2021-02-13&previous_page_section_name=1000&federated_search_id=981219ba-606b-48c9-bd67-11800883859b,Ferienhaus Alpenherz,Entire house in Gemeinde Finkenberg,12 guests · 6 bedrooms · 0 beds · 5.5 baths,empty,New lower price,5.0 (6),$424,empty
/rooms/46423719?adults=4&check_in=2021-02-06&check_out=2021-02-13&previous_page_section_name=1000&federated_search_id=981219ba-606b-48c9-bd67-11800883859b,MO's Apartments,Entire apartment in Mayrhofen,4 guests · 1 bedroom · 4 beds · 1 bath,empty,empty,empty,empty,empty
/rooms/15526759?adults=4&check_in=2021-02-06&check_out=2021-02-13&previous_page_section_name=1000&federated_search_id=981219ba-606b-48c9-bd67-11800883859b,Apartment Alora,Entire apartment in Mayrhofen,4 guests · 1 bedroom · 2 beds · 1 bath,empty,empty,4.93 (70),empty,SUPERHOST
/rooms/37981957?adults=4&check_in=2021-02-06&check_out=2021-02-13&previous_page_section_name=1000&federated_search_id=981219ba-606b-48c9-bd67-11800883859b,Apart Sporer,Entire apartment in Hippach-Schwendberg,4 guests · 2 bedrooms · 2 beds · 1 bath,empty,empty,4.80 (10),empty,empty
/rooms/36807451?adults=4&check_in=2021-02-06&check_out=2021-02-13&previous_page_section_name=1000&federated_search_id=981219ba-606b-48c9-bd67-11800883859b,Modern Apartment in Schwendau with Garden,Entire apartment in Schwendau,5 guests · 2 bedrooms · 3 beds · 2 baths,empty,empty,4.67 (6),empty,empty
/rooms/30088463?adults=4&check_in=2021-02-06&check_out=2021-02-13&previous_page_section_name=1000&federated_search_id=981219ba-606b-48c9-bd67-11800883859b,Appart Hanna,Entire apartment in Hainzenberg,4 guests · 1 bedroom · 2 beds · 1 bath,empty,empty,4.97 (157),empty,SUPERHOST
/rooms/36807454?adults=4&check_in=2021-02-06&check_out=2021-02-13&previous_page_section_name=1000&federated_search_id=981219ba-606b-48c9-bd67-11800883859b,Inviting Apartment near Ski Area in Schwendau,Entire apartment in Mayrhofen,4 guests · 2 bedrooms · 2 beds · 2 baths,empty,empty,5.0 (6),empty,empty
/rooms/46424190?adults=4&check_in=2021-02-06&check_out=2021-02-13&previous_page_section_name=1000&federated_search_id=981219ba-606b-48c9-bd67-11800883859b,MO's Apartments,Entire apartment in Mayrhofen,4 guests · 1 bedroom · 4 beds · 1 bath,empty,empty,empty,empty,empty
/rooms/45679166?adults=4&check_in=2021-02-06&check_out=2021-02-13&previous_page_section_name=1000&federated_search_id=981219ba-606b-48c9-bd67-11800883859b,Appartement Nähe Mayrhofen - HORBERG 2,Entire apartment in Schwendau,8 guests · 3 bedrooms · 6 beds · 1 bath,empty,empty,empty,empty,empty
/rooms/28683559?adults=4&check_in=2021-02-06&check_out=2021-02-13&previous_page_section_name=1000&federated_search_id=981219ba-606b-48c9-bd67-11800883859b,Charming Apartment in Finkenberg with Sauna,Entire apartment in Mayrhofen-Finkenberg,6 guests · 2 bedrooms · 5 beds · 2 baths,empty,empty,4.67 (3),empty,empty
/rooms/36807377?adults=4&check_in=2021-02-06&check_out=2021-02-13&previous_page_section_name=1000&federated_search_id=981219ba-606b-48c9-bd67-11800883859b,Lovely Apartment in Ramsau im Zillertal near Ski Slopes,Entire apartment in Mayrhofen-Ramsau,6 guests · 3 bedrooms · 4 beds · 1 bath,empty,empty,empty,empty,empty
/rooms/35666018?adults=4&check_in=2021-02-06&check_out=2021-02-13&previous_page_section_name=1000&federated_search_id=981219ba-606b-48c9-bd67-11800883859b,Exclusive Apart Michael | 2-8 Personen | Mayrhofen,Entire apartment in Mayrhofen,9 guests · 4 bedrooms · 6 beds · 4 baths,empty,empty,4.76 (19),empty,SUPERHOST
/rooms/28683533?adults=4&check_in=2021-02-06&check_out=2021-02-13&previous_page_section_name=1000&federated_search_id=981219ba-606b-48c9-bd67-11800883859b,Charming Apartment in Finkenberg with Sauna,Entire apartment in Mayrhofen-Finkenberg,5 guests · 2 bedrooms · 3 beds · 2 baths,empty,empty,5.0 (4),empty,empty
/rooms/46522770?adults=4&check_in=2021-02-06&check_out=2021-02-13&previous_page_section_name=1000&federated_search_id=981219ba-606b-48c9-bd67-11800883859b,Apartment 3 Villa Daringer (5 pax),Entire apartment in Mayrhofen,5 guests · 2 bedrooms · 5 beds · 1 bath,empty,empty,empty,empty,empty
/rooms/46424419?adults=4&check_in=2021-02-06&check_out=2021-02-13&previous_page_section_name=1000&federated_search_id=981219ba-606b-48c9-bd67-11800883859b,MO's Apartments,Entire apartment in Mayrhofen,4 guests · 1 bedroom · 4 beds · 1 bath,empty,empty,empty,empty,empty
/rooms/18437683?adults=4&check_in=2021-02-06&check_out=2021-02-13&previous_page_section_name=1000&federated_search_id=981219ba-606b-48c9-bd67-11800883859b,Zillertal-UrlaubAT0033,Entire apartment in Hippach,6 guests · 2 bedrooms · 6 beds · 1 bath,empty,empty,4.67 (3),empty,SUPERHOST
/rooms/30924055?adults=4&check_in=2021-02-06&check_out=2021-02-13&previous_page_section_name=1000&federated_search_id=981219ba-606b-48c9-bd67-11800883859b,Landhaus Maria,Entire apartment in Finkenberg,4 guests · 2 bedrooms · 4 beds · 1 bath,empty,empty,4.90 (11),empty,empty
/rooms/46424261?adults=4&check_in=2021-02-06&check_out=2021-02-13&previous_page_section_name=1000&federated_search_id=981219ba-606b-48c9-bd67-11800883859b,MO's Apartments,Entire apartment in Mayrhofen,4 guests · 1 bedroom · 4 beds · 1 bath,empty,empty,empty,empty,empty
/rooms/12869399?adults=4&check_in=2021-02-06&check_out=2021-02-13&previous_page_section_name=1000&federated_search_id=981219ba-606b-48c9-bd67-11800883859b,Sonniges Apartment im Zillertal,Entire apartment in Ramsau im Zillertal,4 guests · 2 bedrooms · 2 beds · Half-bath,empty,empty,4.42 (25),empty,SUPERHOST
/rooms/17586099?adults=4&check_in=2021-02-06&check_out=2021-02-13&previous_page_section_name=1000&federated_search_id=981219ba-606b-48c9-bd67-11800883859b,Sonnenappartement,Entire apartment in Mayrhofen,5 guests · 1 bedroom · 5 beds · 1 bath,empty,empty,5.0 (7),empty,empty
/rooms/30946326?adults=4&check_in=2021-02-06&check_out=2021-02-13&previous_page_section_name=1000&federated_search_id=2612d3ed-219f-4343-bf6a-560d048c281b,Apartement Christina,Entire apartment in Ramsau im Zillertal,4 guests · 1 bedroom · 3 beds · 1 bath,Kitchen · Dishwasher · Free parking · Wifi,empty,4.57 (7),Price:$136,empty
/rooms/45679166?adults=4&check_in=2021-02-06&check_out=2021-02-13&previous_page_section_name=1000&federated_search_id=2612d3ed-219f-4343-bf6a-560d048c281b,Appartement Nähe Mayrhofen - HORBERG 2,Entire apartment in Schwendau,8 guests · 3 bedrooms · 6 beds · 1 bath,Kitchen · Dishwasher · Free parking · Wifi,empty,empty,Price:$281,empty
/rooms/36807377?adults=4&check_in=2021-02-06&check_out=2021-02-13&previous_page_section_name=1000&federated_search_id=2612d3ed-219f-4343-bf6a-560d048c281b,Lovely Apartment in Ramsau im Zillertal near Ski Slopes,Entire apartment in Mayrhofen-Ramsau,6 guests · 3 bedrooms · 4 beds · 1 bath,Kitchen · Dishwasher · Wifi,empty,empty,Price:$373,empty
/rooms/15421183?adults=4&check_in=2021-02-06&check_out=2021-02-13&previous_page_section_name=1000&federated_search_id=2612d3ed-219f-4343-bf6a-560d048c281b,Ferienwohnung nähe Schigebiet der Zillertal Arena,Entire apartment in Zell am Ziller,5 guests · 2 bedrooms · 4 beds · 1 bath,Kitchen · Ski-in/Ski-out · Dishwasher · Pets allowed,empty,4.96 (24),Price:$216,SUPERHOST
/rooms/28683559?adults=4&check_in=2021-02-06&check_out=2021-02-13&previous_page_section_name=1000&federated_search_id=2612d3ed-219f-4343-bf6a-560d048c281b,Charming Apartment in Finkenberg with Sauna,Entire apartment in Mayrhofen-Finkenberg,6 guests · 2 bedrooms · 5 beds · 2 baths,Kitchen · Elevator · Dishwasher · Wifi,empty,4.67 (3),Price:$288,empty
/rooms/46424419?adults=4&check_in=2021-02-06&check_out=2021-02-13&previous_page_section_name=1000&federated_search_id=2612d3ed-219f-4343-bf6a-560d048c281b,MO's Apartments,Entire apartment in Mayrhofen,4 guests · 1 bedroom · 4 beds · 1 bath,Kitchen · Air conditioning · Free parking · Wifi,empty,empty,Price:$262,empty
/rooms/28683533?adults=4&check_in=2021-02-06&check_out=2021-02-13&previous_page_section_name=1000&federated_search_id=2612d3ed-219f-4343-bf6a-560d048c281b,Charming Apartment in Finkenberg with Sauna,Entire apartment in Mayrhofen-Finkenberg,5 guests · 2 bedrooms · 3 beds · 2 baths,Kitchen · Elevator · Dishwasher · Wifi,empty,5.0 (4),Price:$285,empty
/rooms/46522770?adults=4&check_in=2021-02-06&check_out=2021-02-13&previous_page_section_name=1000&federated_search_id=2612d3ed-219f-4343-bf6a-560d048c281b,Apartment 3 Villa Daringer (5 pax),Entire apartment in Mayrhofen,5 guests · 2 bedrooms · 5 beds · 1 bath,Free parking · Wifi,empty,empty,Price:$291,empty
/rooms/44587749?adults=4&check_in=2021-02-06&check_out=2021-02-13&previous_page_section_name=1000&federated_search_id=2612d3ed-219f-4343-bf6a-560d048c281b,Luxury Chalet with Garden in Tyrol,Entire chalet in Ramsau im Zillertal,10 guests · 4 bedrooms · 7 beds · 2 baths,Kitchen · Dishwasher · Pets allowed · Wifi,empty,empty,Price:$575,empty
/rooms/12869399?adults=4&check_in=2021-02-06&check_out=2021-02-13&previous_page_section_name=1000&federated_search_id=2612d3ed-219f-4343-bf6a-560d048c281b,Sonniges Apartment im Zillertal,Entire apartment in Ramsau im Zillertal,4 guests · 2 bedrooms · 2 beds · Half-bath,Kitchen · Free parking · Wifi,empty,4.42 (25),Price:$133,SUPERHOST
/rooms/44609189?adults=4&check_in=2021-02-06&check_out=2021-02-13&previous_page_section_name=1000&federated_search_id=2612d3ed-219f-4343-bf6a-560d048c281b,Peaceful Apartment in Schwendau with Garden,Entire apartment in Mayrhofen,6 guests · 2 bedrooms · 3 beds · 1 bath,Kitchen · Dishwasher · Wifi,empty,empty,Price:$254,empty
/rooms/45587712?adults=4&check_in=2021-02-06&check_out=2021-02-13&previous_page_section_name=1000&federated_search_id=2612d3ed-219f-4343-bf6a-560d048c281b,Haus Sporer,Entire apartment in Gerlosberg,5 guests · 1 bedroom · 3 beds · 1 bath,Kitchen · Pets allowed · Wifi,empty,empty,Price:$130,empty
/rooms/36806523?adults=4&check_in=2021-02-06&check_out=2021-02-13&previous_page_section_name=1000&federated_search_id=2612d3ed-219f-4343-bf6a-560d048c281b,Beautiful Apartment in Gerlosberg near Forest,Entire apartment in Zell am Ziller-Gerlosberg,7 guests · 3 bedrooms · 4 beds · 1 bath,Kitchen · Dishwasher · Pets allowed · Wifi,empty,empty,Price:$180,empty
/rooms/46424261?adults=4&check_in=2021-02-06&check_out=2021-02-13&previous_page_section_name=1000&federated_search_id=2612d3ed-219f-4343-bf6a-560d048c281b,MO's Apartments,Entire apartment in Mayrhofen,4 guests · 1 bedroom · 4 beds · 1 bath,Kitchen · Air conditioning · Free parking · Wifi,empty,empty,Price:$262,empty
/rooms/27269294?adults=4&check_in=2021-02-06&check_out=2021-02-13&previous_page_section_name=1000&federated_search_id=2612d3ed-219f-4343-bf6a-560d048c281b,Apartment Anna mit Aussicht,Entire apartment in Finkenberg,6 guests · 3 bedrooms · 6 beds · 1 bath,Kitchen · Free parking · Wifi,empty,4.67 (3),Price:$194,empty
/rooms/17586099?adults=4&check_in=2021-02-06&check_out=2021-02-13&previous_page_section_name=1000&federated_search_id=2612d3ed-219f-4343-bf6a-560d048c281b,Sonnenappartement,Entire apartment in Mayrhofen,5 guests · 1 bedroom · 5 beds · 1 bath,Kitchen · Free parking · Wifi,empty,5.0 (7),Price:$155,empty
/rooms/30924055?adults=4&check_in=2021-02-06&check_out=2021-02-13&previous_page_section_name=1000&federated_search_id=2612d3ed-219f-4343-bf6a-560d048c281b,Landhaus Maria,Entire apartment in Finkenberg,4 guests · 2 bedrooms · 4 beds · 1 bath,Kitchen · Washer · Free parking · Wifi,empty,4.90 (11),Price:$144,empty
/rooms/44609202?adults=4&check_in=2021-02-06&check_out=2021-02-13&previous_page_section_name=1000&federated_search_id=2612d3ed-219f-4343-bf6a-560d048c281b,Modern Apartment in Ramsau im Zillertal with Terrace,Entire apartment in Ramsau im Zillertal,6 guests · 2 bedrooms · 4 beds · 1 bath,Kitchen · Dishwasher · Wifi,empty,empty,Price:$179,empty
/rooms/23675588?adults=4&check_in=2021-02-06&check_out=2021-02-13&previous_page_section_name=1000&federated_search_id=2612d3ed-219f-4343-bf6a-560d048c281b,Zillertal-UrlaubAT0015,Entire house in Hippach,5 guests · 3 bedrooms · 5 beds · 1 bath,Kitchen · Dishwasher · Free parking · Wifi,empty,empty,Price:$198,SUPERHOST
/rooms/43292164?adults=4&check_in=2021-02-06&check_out=2021-02-13&previous_page_section_name=1000&federated_search_id=2612d3ed-219f-4343-bf6a-560d048c281b,Apartment Ahorn View,Entire apartment in Mayrhofen,7 guests · 3 bedrooms · 4 beds · 1.5 baths,Kitchen · Dishwasher · Free parking · Wifi,empty,empty,Price:$505,empty
/rooms/18427367?adults=4&check_in=2021-02-06&check_out=2021-02-13&previous_page_section_name=1000&federated_search_id=ae941500-fa72-46fa-bf61-b649475d8d68,Zillertal-UrlaubAT0035,Entire apartment in Hippach,4 guests · 2 bedrooms · 4 beds · 1 bath,Kitchen · Dishwasher · Free parking · Wifi,empty,5.0 (8),Price:$181,SUPERHOST
/rooms/36807384?adults=4&check_in=2021-02-06&check_out=2021-02-13&previous_page_section_name=1000&federated_search_id=ae941500-fa72-46fa-bf61-b649475d8d68,"Chalet in Hippach with Private Terrace, Parking, Heating",Entire chalet in Hippach,9 guests · 4 bedrooms · 5 beds · 2 baths,Kitchen · Dishwasher · Wifi,empty,empty,Price:$332,empty
/rooms/2109919?adults=4&check_in=2021-02-06&check_out=2021-02-13&previous_page_section_name=1000&federated_search_id=ae941500-fa72-46fa-bf61-b649475d8d68,"Holiday house on the farm, 10 persons, 4 bedrooms",Entire house in Finkenberg,10 guests · 4 bedrooms · 8 beds · 2 baths,Kitchen · Self check-in · Dishwasher · Washer,empty,4.71 (58),Price:$328,empty
/rooms/26120586?adults=4&check_in=2021-02-06&check_out=2021-02-13&previous_page_section_name=1000&federated_search_id=ae941500-fa72-46fa-bf61-b649475d8d68,"Apartment in Hippach with Mountain Views, Parking & Balcony",Entire apartment in Hippach,7 guests · 3 bedrooms · 4 beds · 1 bath,Kitchen · Dishwasher · Wifi,empty,empty,Price:$226,empty
/rooms/29488133?adults=4&check_in=2021-02-06&check_out=2021-02-13&previous_page_section_name=1000&federated_search_id=ae941500-fa72-46fa-bf61-b649475d8d68,"Apartment Pia, in der nähe von Rad und Wanderwege",Entire apartment in Hainzenberg,5 guests · 2 bedrooms · 3 beds · 1.5 baths,Kitchen · Dishwasher · Free parking · Wifi,empty,5.0 (6),Previous price:$239Discounted price:$215,empty
/rooms/2796492?adults=4&check_in=2021-02-06&check_out=2021-02-13&previous_page_section_name=1000&federated_search_id=ae941500-fa72-46fa-bf61-b649475d8d68,Haus Alpin Top 2,Entire apartment in Gerlosberg,4 guests · 2 bedrooms · 4 beds · 2 baths,Kitchen · Pets allowed · Free parking · Wifi,empty,4.70 (81),Price:$103,SUPERHOST
/rooms/18426619?adults=4&check_in=2021-02-06&check_out=2021-02-13&previous_page_section_name=1000&federated_search_id=ae941500-fa72-46fa-bf61-b649475d8d68,Zillertal-UrlaubAT0034,Entire apartment in Hippach,5 guests · 1 bedroom · 5 beds · 1 bath,Kitchen · Dishwasher · Free parking · Wifi,empty,4.56 (9),Price:$181,SUPERHOST
/rooms/15461224?adults=4&check_in=2021-02-06&check_out=2021-02-13&previous_page_section_name=1000&federated_search_id=ae941500-fa72-46fa-bf61-b649475d8d68,Apartment Theresia,Private room in Schwendau,5 guests · 2 bedrooms · 4 beds · 1 private bath,Kitchen · Free parking · Wifi,empty,4.78 (12),Price:$143,empty
/rooms/34229144?adults=4&check_in=2021-02-06&check_out=2021-02-13&previous_page_section_name=1000&federated_search_id=ae941500-fa72-46fa-bf61-b649475d8d68,Appartement Avendore,"Entire apartment in Zell am Ziller, A-6280",7 guests · 3 bedrooms · 5 beds · 1 bath,Kitchen · Self check-in · Dishwasher · Pets allowed,empty,4.79 (19),Price:$200,SUPERHOST
/rooms/43330841?adults=4&check_in=2021-02-06&check_out=2021-02-13&previous_page_section_name=1000&federated_search_id=ae941500-fa72-46fa-bf61-b649475d8d68,Luxurious Apartment in Zell am Ziller with Garden,Entire apartment in Zell am Ziller,6 guests · 3 bedrooms · 3 beds · 1 bath,Kitchen · Dishwasher,empty,empty,Price:$250,empty
/rooms/18437683?adults=4&check_in=2021-02-06&check_out=2021-02-13&previous_page_section_name=1000&federated_search_id=ae941500-fa72-46fa-bf61-b649475d8d68,Zillertal-UrlaubAT0033,Entire apartment in Hippach,6 guests · 2 bedrooms · 6 beds · 1 bath,Kitchen · Dishwasher · Pets allowed · Free parking,empty,4.67 (3),Price:$194,SUPERHOST
/rooms/23675014?adults=4&check_in=2021-02-06&check_out=2021-02-13&previous_page_section_name=1000&federated_search_id=ae941500-fa72-46fa-bf61-b649475d8d68,Zillertal-UrlaubAT0004,Entire chalet in Hippach,8 guests · 2 bedrooms · 8 beds · 1 bath,Kitchen · Dishwasher · Pets allowed · Free parking,empty,4.40 (5),Price:$295,SUPERHOST
/rooms/35666018?adults=4&check_in=2021-02-06&check_out=2021-02-13&previous_page_section_name=1000&federated_search_id=ae941500-fa72-46fa-bf61-b649475d8d68,Exclusive Apart Michael | 2-8 Personen | Mayrhofen,Entire apartment in Mayrhofen,9 guests · 4 bedrooms · 6 beds · 4 baths,Kitchen · Dishwasher · Pets allowed · Free parking,empty,4.76 (19),Price:$356,SUPERHOST
/rooms/40532245?adults=4&check_in=2021-02-06&check_out=2021-02-13&previous_page_section_name=1000&federated_search_id=ae941500-fa72-46fa-bf61-b649475d8d68,Alpin View,Entire house in Zellberg,10 guests · 4 bedrooms · 7 beds · 3.5 baths,Kitchen · Self check-in · Dishwasher · Pets allowed,empty,5.0 (10),Price:$545,empty
/rooms/43788850?adults=4&check_in=2021-02-06&check_out=2021-02-13&previous_page_section_name=1000&federated_search_id=ae941500-fa72-46fa-bf61-b649475d8d68,Appartments Residence Adlerhorst,Entire apartment in Finkenberg,4 guests · 1 bedroom · 2 beds · 1 bath,Kitchen · Washer · Dryer · Pets allowed,empty,empty,Price:$254,empty
/rooms/46618615?adults=4&check_in=2021-02-06&check_out=2021-02-13&previous_page_section_name=1000&federated_search_id=ae941500-fa72-46fa-bf61-b649475d8d68,Peaceful Apartment in Mayrhofen with Terrace,Entire apartment in Finkenberg,6 guests · 2 bedrooms · 4 beds · 2 baths,Kitchen · Pets allowed · Wifi,empty,empty,Price:$179,empty
/rooms/36751189?adults=4&check_in=2021-02-06&check_out=2021-02-13&previous_page_section_name=1000&federated_search_id=ae941500-fa72-46fa-bf61-b649475d8d68,Ferienwohnung in Ginzling/Mayrhofen im Zillertal,Entire apartment in Mayrhofen,4 guests · 2 bedrooms · 2 beds · 1 bath,Kitchen · Self check-in · Free parking · Wifi,empty,empty,Price:$150,empty
/rooms/46523300?adults=4&check_in=2021-02-06&check_out=2021-02-13&previous_page_section_name=1000&federated_search_id=ae941500-fa72-46fa-bf61-b649475d8d68,Apartment 1 Villa Daringer (2-4 pax.),Entire apartment in Mayrhofen,4 guests · 1 bedroom · 4 beds · 1 bath,Free parking · Wifi,empty,empty,Price:$230,empty
/rooms/21224705?adults=4&check_in=2021-02-06&check_out=2021-02-13&previous_page_section_name=1000&federated_search_id=ae941500-fa72-46fa-bf61-b649475d8d68,"Apartment ""Bergwelt"" in a fantastic quiet location",Entire apartment in Brandberg,4 guests · 1 bedroom · 1 bed · 1 bath,Kitchen · Indoor fireplace · Dishwasher · Free parking,empty,4.92 (13),Price:$145,empty
/rooms/45587691?adults=4&check_in=2021-02-06&check_out=2021-02-13&previous_page_section_name=1000&federated_search_id=ae941500-fa72-46fa-bf61-b649475d8d68,Haus Rieder,Entire apartment in Gerlosberg,4 guests · 1 bedroom · 2 beds · 1 bath,Kitchen · Pets allowed · Wifi,empty,empty,Price:$116,empty
/rooms/25314305?adults=4&check_in=2021-02-06&check_out=2021-02-13&previous_page_section_name=1000&federated_search_id=8f8b5edf-7fb2-4b1e-9bc7-9b6a182dec17,Bauernhaus Fankhauser Apartment mit 2 Schlafzimmer,Private room in Laimach,5 guests · 2 bedrooms · 5 beds · 1 bath,Kitchen · Dishwasher · Free parking · Wifi,empty,empty,empty,SUPERHOST
/rooms/36807408?adults=4&check_in=2021-02-06&check_out=2021-02-13&previous_page_section_name=1000&federated_search_id=8f8b5edf-7fb2-4b1e-9bc7-9b6a182dec17,Luxurious Apartment with Sauna in Tyrol Austria,Entire apartment in Mayrhofen-Ramsau,16 guests · 8 bedrooms · 10 beds · 3 baths,Kitchen · Dishwasher · Wifi,empty,4.50 (3),empty,empty
/rooms/46545046?adults=4&check_in=2021-02-06&check_out=2021-02-13&previous_page_section_name=1000&federated_search_id=8f8b5edf-7fb2-4b1e-9bc7-9b6a182dec17,Ferienwohnung Kirchler,Entire apartment in Hippach-Schwendberg,6 guests · 2 bedrooms · 6 beds · 1 bath,Kitchen · Free parking · Wifi,empty,empty,empty,empty
/rooms/36807421?adults=4&check_in=2021-02-06&check_out=2021-02-13&previous_page_section_name=1000&federated_search_id=8f8b5edf-7fb2-4b1e-9bc7-9b6a182dec17,Lovely Chalet in Mayrhofen with Private Garden,Entire house in Mayrhofen,16 guests · 6 bedrooms · 12 beds · 2 baths,Kitchen · Dishwasher · Wifi,empty,empty,empty,empty
/rooms/45982844?adults=4&check_in=2021-02-06&check_out=2021-02-13&previous_page_section_name=1000&federated_search_id=8f8b5edf-7fb2-4b1e-9bc7-9b6a182dec17,The Stones by Apart Hotel Therese,Entire apartment in Mayrhofen,4 guests · 1 bedroom · 1 bed · 1.5 baths,Kitchen · Self check-in · Dishwasher · Free parking,empty,empty,empty,empty
/rooms/41794735?adults=4&check_in=2021-02-06&check_out=2021-02-13&previous_page_section_name=1000&federated_search_id=8f8b5edf-7fb2-4b1e-9bc7-9b6a182dec17,Tanterhütte by Tanterhof,Hut in Schwendau,6 guests · Studio · 6 beds · 1 bath,Kitchen · Indoor fireplace · Free parking,empty,empty,empty,empty
/rooms/45969307?adults=4&check_in=2021-02-06&check_out=2021-02-13&previous_page_section_name=1000&federated_search_id=8f8b5edf-7fb2-4b1e-9bc7-9b6a182dec17,Großzügiges Apartment in Mayrhofen,Entire house in Mayrhofen,4 guests · 2 bedrooms · 2 beds · 3 baths,Kitchen · Dishwasher · Washer · Dryer,empty,empty,empty,empty
/rooms/45375808?adults=4&check_in=2021-02-06&check_out=2021-02-13&previous_page_section_name=1000&federated_search_id=8f8b5edf-7fb2-4b1e-9bc7-9b6a182dec17,Britzerhof,Entire house in Ramsau im Zillertal,16 guests · 7 bedrooms · 10 beds · 4 baths,Kitchen · Dishwasher · Wifi,empty,empty,empty,empty
/rooms/23518593?adults=4&check_in=2021-02-06&check_out=2021-02-13&previous_page_section_name=1000&federated_search_id=8f8b5edf-7fb2-4b1e-9bc7-9b6a182dec17,Bauernhaus Fankhauser Apartment  3 Schlafzimmern,Private room in Hippach,7 guests · 3 bedrooms · 5 beds · 1 private bath,Kitchen · Dishwasher · Free parking · Wifi,empty,5.0 (6),empty,SUPERHOST
/rooms/3680104?adults=4&check_in=2021-02-06&check_out=2021-02-13&previous_page_section_name=1000&federated_search_id=8f8b5edf-7fb2-4b1e-9bc7-9b6a182dec17,"new 2br apartment with balcony, next to ski lift",Entire serviced apartment in Mayrhofen,4 guests · 2 bedrooms · 3 beds · 1 bath,Kitchen · Ski-in/Ski-out · Elevator · Gym,empty,4.91 (11),empty,SUPERHOST
/rooms/46548111?adults=4&check_in=2021-02-06&check_out=2021-02-13&previous_page_section_name=1000&federated_search_id=8f8b5edf-7fb2-4b1e-9bc7-9b6a182dec17,Ferienwohnung Kirchler,Entire apartment in Hippach-Schwendberg,6 guests · 2 bedrooms · 6 beds · 1 bath,Kitchen · Free parking · Wifi,empty,empty,empty,empty
/rooms/2751714?adults=4&check_in=2021-02-06&check_out=2021-02-13&previous_page_section_name=1000&federated_search_id=8f8b5edf-7fb2-4b1e-9bc7-9b6a182dec17,Perfectly Active - Perfect Comfort,Entire apartment in Mayrhofen,4 guests · 2 bedrooms · 4 beds · 1 bath,Kitchen · Washer · Dryer · Pets allowed,empty,4.88 (17),empty,empty
/rooms/4562020?adults=4&check_in=2021-02-06&check_out=2021-02-13&previous_page_section_name=1000&federated_search_id=8f8b5edf-7fb2-4b1e-9bc7-9b6a182dec17,Prachtbude Mayrhofen,Entire apartment in Mayrhofen,4 guests · 1 bedroom · 2 beds · 1 bath,Kitchen · Breakfast · Washer · Dryer,empty,5.0 (3),empty,empty
/rooms/16121604?adults=4&check_in=2021-02-06&check_out=2021-02-13&previous_page_section_name=1000&federated_search_id=8f8b5edf-7fb2-4b1e-9bc7-9b6a182dec17,Apart Alpin - Apartment 2 mit 2 Doppelzimmer,Entire apartment in Hippach-Schwendberg,6 guests · 2 bedrooms · 3 beds · 1 bath,Kitchen · Free parking · Wifi,empty,4.67 (6),empty,empty
/rooms/17724130?adults=4&check_in=2021-02-06&check_out=2021-02-13&previous_page_section_name=1000&federated_search_id=8f8b5edf-7fb2-4b1e-9bc7-9b6a182dec17,COSY by BLACK EAGLE LUXURY APPARTEMENTS,Entire apartment in Schwendau,6 guests · 2 bedrooms · 2 beds · 1.5 baths,Kitchen · Self check-in · Dishwasher · Washer,empty,5.0 (5),empty,empty
/rooms/11839244?adults=4&check_in=2021-02-06&check_out=2021-02-13&previous_page_section_name=1000&federated_search_id=8f8b5edf-7fb2-4b1e-9bc7-9b6a182dec17,Wohnung mit 3 Schlafzimmern,Entire house in Hippach-Schwendberg,8 guests · 3 bedrooms · 4 beds · 2 baths,Kitchen · Dishwasher · Washer · Dryer,empty,4.85 (28),empty,SUPERHOST
/rooms/36807367?adults=4&check_in=2021-02-06&check_out=2021-02-13&previous_page_section_name=1000&federated_search_id=8f8b5edf-7fb2-4b1e-9bc7-9b6a182dec17,Spacious Apartment in Tyrol with Mountain View,Entire apartment in Mayrhofen-Ramsau,12 guests · 5 bedrooms · 6 beds · 2 baths,Kitchen · Wifi,empty,empty,empty,empty
/rooms/44375968?adults=4&check_in=2021-02-06&check_out=2021-02-13&previous_page_section_name=1000&federated_search_id=8f8b5edf-7fb2-4b1e-9bc7-9b6a182dec17,Apartement Schmalzl - Garden,Entire apartment in Finkenberg,6 guests · 2 bedrooms · 4 beds · 1 bath,Free parking · Wifi,empty,empty,empty,empty
/rooms/44587638?adults=4&check_in=2021-02-06&check_out=2021-02-13&previous_page_section_name=1000&federated_search_id=8f8b5edf-7fb2-4b1e-9bc7-9b6a182dec17,"Modern Apartment in Mayrhofen with Ski-Storage, Parking & Garden",Entire apartment in Ramsau im Zillertal,10 guests · 5 bedrooms · 5 beds · 1 bath,Kitchen · Dishwasher · Wifi,empty,empty,empty,empty
/rooms/3673490?adults=4&check_in=2021-02-06&check_out=2021-02-13&previous_page_section_name=1000&federated_search_id=8f8b5edf-7fb2-4b1e-9bc7-9b6a182dec17,"new 2br apartment with balcony, next to ski lift",Entire serviced apartment in Mayrhofen,4 guests · 2 bedrooms · 3 beds · 1.5 baths,Kitchen · Ski-in/Ski-out · Elevator · Washer,empty,5.0 (3),empty,SUPERHOST
/rooms/36337683?adults=4&check_in=2021-02-06&check_out=2021-02-13&previous_page_section_name=1000&federated_search_id=bd09dfd0-eb49-45e5-99a7-73fa005c43ed,Ferienwohnung Ines - 800 m vom Skigebiet entfernt,Entire apartment in Rohrberg,4 guests · 2 bedrooms · 4 beds · 2.5 baths,Kitchen · Dishwasher · Free parking · Wifi,empty,4.27 (11),empty,empty
/rooms/42708807?adults=4&check_in=2021-02-06&check_out=2021-02-13&previous_page_section_name=1000&federated_search_id=bd09dfd0-eb49-45e5-99a7-73fa005c43ed,Apartments Zillertal - Apartment 3,Entire apartment in Mayrhofen,6 guests · 2 bedrooms · 4 beds · 1.5 baths,Kitchen · Self check-in · Free parking · Wifi,empty,empty,empty,empty
/rooms/26134757?adults=4&check_in=2021-02-06&check_out=2021-02-13&previous_page_section_name=1000&federated_search_id=bd09dfd0-eb49-45e5-99a7-73fa005c43ed,Newly-furnished Apartment in Finkenberg near Ski Lift,Entire apartment in Mayrhofen-Finkenberg,6 guests · 2 bedrooms · 5 beds · 2 baths,Kitchen · Elevator · Dishwasher · Wifi,empty,4.33 (3),empty,empty
/rooms/46638703?adults=4&check_in=2021-02-06&check_out=2021-02-13&previous_page_section_name=1000&federated_search_id=bd09dfd0-eb49-45e5-99a7-73fa005c43ed,Comfortable Apartment in Mayrhofen with Garden,Entire apartment in Finkenberg,6 guests · 2 bedrooms · 3 beds · 2 baths,Kitchen · Pets allowed · Wifi,empty,empty,empty,empty
/rooms/18427368?adults=4&check_in=2021-02-06&check_out=2021-02-13&previous_page_section_name=1000&federated_search_id=bd09dfd0-eb49-45e5-99a7-73fa005c43ed,Zillertal-UrlaubAT0005,Entire apartment in Ramsau im Zillertal,9 guests · 3 bedrooms · 9 beds · 1 bath,Kitchen · Dishwasher · Pets allowed · Free parking,empty,5.0 (5),empty,SUPERHOST
/rooms/28683543?adults=4&check_in=2021-02-06&check_out=2021-02-13&previous_page_section_name=1000&federated_search_id=bd09dfd0-eb49-45e5-99a7-73fa005c43ed,Luxurious Apartment with Sauna in Finkenberg near Ski Lift,Entire apartment in Mayrhofen-Finkenberg,9 guests · 4 bedrooms · 6 beds · 3 baths,Kitchen · Dishwasher · Pets allowed · Wifi,empty,3.60 (5),empty,empty
/rooms/19479970?adults=4&check_in=2021-02-06&check_out=2021-02-13&previous_page_section_name=1000&federated_search_id=bd09dfd0-eb49-45e5-99a7-73fa005c43ed,Apartment with view to the Hintertux Glacier,Entire apartment in Tux,5 guests · 2 bedrooms · 3 beds · 1 bath,Kitchen · Indoor fireplace · Washer · Dryer,empty,4.92 (13),empty,SUPERHOST
/rooms/18426612?adults=4&check_in=2021-02-06&check_out=2021-02-13&previous_page_section_name=1000&federated_search_id=bd09dfd0-eb49-45e5-99a7-73fa005c43ed,Zillertal-UrlaubAT0003,Entire apartment in Ramsau im Zillertal,8 guests · 3 bedrooms · 8 beds · 1 bath,Kitchen · Dishwasher · Pets allowed · Wifi,empty,4.80 (5),empty,SUPERHOST
/rooms/41794735?adults=4&check_in=2021-02-06&check_out=2021-02-13&previous_page_section_name=1000&federated_search_id=bd09dfd0-eb49-45e5-99a7-73fa005c43ed,Tanterhütte by Tanterhof,Hut in Schwendau,6 guests · Studio · 6 beds · 1 bath,Kitchen · Indoor fireplace · Free parking,empty,empty,empty,empty
/rooms/46235821?adults=4&check_in=2021-02-06&check_out=2021-02-13&previous_page_section_name=1000&federated_search_id=bd09dfd0-eb49-45e5-99a7-73fa005c43ed,Ferienhaus Brandacher II,Entire apartment in Rohrberg,8 guests · 2 bedrooms · 5 beds · 1 bath,Kitchen · Dishwasher · Wifi,empty,empty,empty,empty
/rooms/18426617?adults=4&check_in=2021-02-06&check_out=2021-02-13&previous_page_section_name=1000&federated_search_id=bd09dfd0-eb49-45e5-99a7-73fa005c43ed,Zillertal-UrlaubAT0010,Entire apartment in Zell am Ziller,8 guests · 3 bedrooms · 8 beds · 2 baths,Kitchen · Dishwasher · Free parking · Wifi,empty,5.0 (6),empty,SUPERHOST
/rooms/14619192?adults=4&check_in=2021-02-06&check_out=2021-02-13&previous_page_section_name=1000&federated_search_id=bd09dfd0-eb49-45e5-99a7-73fa005c43ed,Cozy Apartment in Calm Surroundings,Entire apartment in Hainzenberg,4 guests · 2 bedrooms · 3 beds · 1 bath,Kitchen · Indoor fireplace · Washer · Pets allowed,empty,4.50 (3),empty,empty
/rooms/42709587?adults=4&check_in=2021-02-06&check_out=2021-02-13&previous_page_section_name=1000&federated_search_id=bd09dfd0-eb49-45e5-99a7-73fa005c43ed,Apartments Zillertal - Apartment 2,Entire apartment in Mayrhofen,6 guests · 2 bedrooms · 4 beds · 1.5 baths,Kitchen · Self check-in · Free parking · Wifi,empty,empty,empty,empty
/rooms/25314305?adults=4&check_in=2021-02-06&check_out=2021-02-13&previous_page_section_name=1000&federated_search_id=bd09dfd0-eb49-45e5-99a7-73fa005c43ed,Bauernhaus Fankhauser Apartment mit 2 Schlafzimmer,Private room in Laimach,5 guests · 2 bedrooms · 5 beds · 1 bath,Kitchen · Dishwasher · Free parking · Wifi,empty,empty,empty,SUPERHOST
/rooms/46184149?adults=4&check_in=2021-02-06&check_out=2021-02-13&previous_page_section_name=1000&federated_search_id=bd09dfd0-eb49-45e5-99a7-73fa005c43ed,Haus Kröll,Entire apartment in Gerlosberg,6 guests · 3 bedrooms · 4 beds · 2 baths,Kitchen · Dishwasher · Wifi,empty,empty,empty,empty
/rooms/44725546?adults=4&check_in=2021-02-06&check_out=2021-02-13&previous_page_section_name=1000&federated_search_id=bd09dfd0-eb49-45e5-99a7-73fa005c43ed,DieAussicht - Refugium am Berg,Entire house in Laimach,7 guests · 3 bedrooms · 7 beds · 0 baths,Kitchen · Pets allowed · Free parking · Wifi,empty,empty,empty,empty
/rooms/46323345?adults=4&check_in=2021-02-06&check_out=2021-02-13&previous_page_section_name=1000&federated_search_id=bd09dfd0-eb49-45e5-99a7-73fa005c43ed,Waldhaus III,Entire apartment in Mayrhofen,7 guests · 3 bedrooms · 4 beds · 2 baths,Kitchen · Dishwasher · Wifi,empty,empty,empty,empty
/rooms/36807408?adults=4&check_in=2021-02-06&check_out=2021-02-13&previous_page_section_name=1000&federated_search_id=bd09dfd0-eb49-45e5-99a7-73fa005c43ed,Luxurious Apartment with Sauna in Tyrol Austria,Entire apartment in Mayrhofen-Ramsau,16 guests · 8 bedrooms · 10 beds · 3 baths,Kitchen · Dishwasher · Wifi,empty,4.50 (3),empty,empty
/rooms/39075127?adults=4&check_in=2021-02-06&check_out=2021-02-13&previous_page_section_name=1000&federated_search_id=bd09dfd0-eb49-45e5-99a7-73fa005c43ed,Modern Holiday Home in Zell am Ziller near Ski Lift,Entire house in Zell am Ziller,12 guests · 6 bedrooms · 6 beds · 4 baths,Kitchen · Dishwasher · Pets allowed · Wifi,empty,4.67 (3),empty,empty
/rooms/11839244?adults=4&check_in=2021-02-06&check_out=2021-02-13&previous_page_section_name=1000&federated_search_id=bd09dfd0-eb49-45e5-99a7-73fa005c43ed,Wohnung mit 3 Schlafzimmern,Entire house in Hippach-Schwendberg,8 guests · 3 bedrooms · 4 beds · 2 baths,Kitchen · Dishwasher · Washer · Dryer,empty,4.85 (28),empty,SUPERHOST
/rooms/13982538?adults=4&check_in=2021-02-06&check_out=2021-02-13&previous_page_section_name=1000&federated_search_id=c42416c0-f7fc-410c-9f10-aa51413e8523,Royal Waldfeld,Entire condominium in Mayrhofen,4 guests · 1 bedroom · 1 bed · 1.5 baths,empty,empty,5.0 (16),Price:$443,empty
/rooms/18339028?adults=4&check_in=2021-02-06&check_out=2021-02-13&previous_page_section_name=1000&federated_search_id=c42416c0-f7fc-410c-9f10-aa51413e8523,Landhaus Christina - Apartment Ahorn,Entire condominium in Brandberg,5 guests · 1 bedroom · 2 beds · 1 bath,empty,empty,empty,Price:$182,empty
/rooms/17599585?adults=4&check_in=2021-02-06&check_out=2021-02-13&previous_page_section_name=1000&federated_search_id=c42416c0-f7fc-410c-9f10-aa51413e8523,Apart Alpin - Apartment 4 mit 2 Doppelzimmer,Entire apartment in Hippach-Schwendberg,6 guests · 2 bedrooms · 3 beds · 1 bath,empty,empty,empty,Price:$266,empty
/rooms/19612213?adults=4&check_in=2021-02-06&check_out=2021-02-13&previous_page_section_name=1000&federated_search_id=c42416c0-f7fc-410c-9f10-aa51413e8523,Lenzelerhof - cozy farmhouse high up on a mountain,Entire house in Hippach-Schwendberg,14 guests · 7 bedrooms · 14 beds · 3 baths,empty,empty,5.0 (10),Price:$787,empty
/rooms/30030519?adults=4&check_in=2021-02-06&check_out=2021-02-13&previous_page_section_name=1000&federated_search_id=c42416c0-f7fc-410c-9f10-aa51413e8523,Ferien - Chalet mit Garten und Bergblick,Entire apartment in Schwendau,8 guests · 3 bedrooms · 8 beds · 1.5 baths,empty,empty,5.0 (3),Price:$848,empty
/rooms/32888637?adults=4&check_in=2021-02-06&check_out=2021-02-13&previous_page_section_name=1000&federated_search_id=c42416c0-f7fc-410c-9f10-aa51413e8523,Haus Schönblick in Ginzling,Entire apartment in Mayrhofen,6 guests · 2 bedrooms · 2 beds · 2 baths,empty,empty,empty,Price:$207,empty
/rooms/16105711?adults=4&check_in=2021-02-06&check_out=2021-02-13&previous_page_section_name=1000&federated_search_id=c42416c0-f7fc-410c-9f10-aa51413e8523,Ahornlodge - Grünberg,Private room in Mayrhofen,6 guests · 2 bedrooms · 4 beds · 1 private bath,empty,empty,empty,Price:$436,empty
/rooms/1364847?adults=4&check_in=2021-02-06&check_out=2021-02-13&previous_page_section_name=1000&federated_search_id=c42416c0-f7fc-410c-9f10-aa51413e8523,"Chalet Vista, Luxury ski chalet",Entire house in Hainzenberg,9 guests · 5 bedrooms · 8 beds · 5.5 baths,empty,empty,empty,"Price:$1,060",empty
/rooms/40815392?adults=4&check_in=2021-02-06&check_out=2021-02-13&previous_page_section_name=1000&federated_search_id=c42416c0-f7fc-410c-9f10-aa51413e8523,Leuhaus Apartment Dachgeschoss,Entire apartment in Schwendau,6 guests · 2 bedrooms · 3 beds · 2 baths,empty,empty,empty,Price:$424,empty
/rooms/33603799?adults=4&check_in=2021-02-06&check_out=2021-02-13&previous_page_section_name=1000&federated_search_id=c42416c0-f7fc-410c-9f10-aa51413e8523,Villa Heimatliebe * Premiumchalet  Sauna Billard *,Entire villa in Ramsau im Zillertal,12 guests · 6 bedrooms · 7 beds · 3 baths,empty,empty,empty,"Price:$1,090",empty
/rooms/19611501?adults=4&check_in=2021-02-06&check_out=2021-02-13&previous_page_section_name=1000&federated_search_id=c42416c0-f7fc-410c-9f10-aa51413e8523,"Chalet ""Alpenrose""",Entire house in Hippach-Schwendberg,4 guests · 2 bedrooms · 2 beds · 1.5 baths,empty,empty,empty,Price:$848,empty
/rooms/25650456?adults=4&check_in=2021-02-06&check_out=2021-02-13&previous_page_section_name=1000&federated_search_id=c42416c0-f7fc-410c-9f10-aa51413e8523,Alpine Royal,Entire apartment in Mayrhofen,4 guests · 1 bedroom · 2 beds · 1 bath,empty,empty,5.0 (3),Price:$448,empty
/rooms/19611152?adults=4&check_in=2021-02-06&check_out=2021-02-13&previous_page_section_name=1000&federated_search_id=c42416c0-f7fc-410c-9f10-aa51413e8523,"Chalet ""Steinquendel""",Entire house in Hippach-Schwendberg,4 guests · 2 bedrooms · 2 beds · 1 bath,empty,empty,empty,Price:$920,empty
/rooms/19611997?adults=4&check_in=2021-02-06&check_out=2021-02-13&previous_page_section_name=1000&federated_search_id=c42416c0-f7fc-410c-9f10-aa51413e8523,"Chalet ""Silberdistel""",Entire house in Hippach-Schwendberg,4 guests · 2 bedrooms · 2 beds · 1 bath,empty,empty,empty,Price:$848,empty
/rooms/19611663?adults=4&check_in=2021-02-06&check_out=2021-02-13&previous_page_section_name=1000&federated_search_id=c42416c0-f7fc-410c-9f10-aa51413e8523,"Chalet ""Arnika""",Entire house in Schwaz,4 guests · 2 bedrooms · 2 beds · 2 baths,empty,empty,empty,Price:$848,empty
/rooms/43076896?adults=4&check_in=2021-02-06&check_out=2021-02-13&previous_page_section_name=1000&federated_search_id=c42416c0-f7fc-410c-9f10-aa51413e8523,Rustic Chalet 5bd for rent,Entire chalet in Mayrhofen,10 guests · 5 bedrooms · 9 beds · 5 baths,empty,empty,empty,Price:$933,empty
/rooms/19464278?adults=4&check_in=2021-02-06&check_out=2021-02-13&previous_page_section_name=1000&federated_search_id=c42416c0-f7fc-410c-9f10-aa51413e8523,Almstüberl Zillergrund / Mayrhofen,Entire house in Brandberg,10 guests · 4 bedrooms · 10 beds · 3 baths,empty,empty,empty,Price:$182,empty
/rooms/26883943?adults=4&check_in=2021-02-06&check_out=2021-02-13&previous_page_section_name=1000&federated_search_id=c42416c0-f7fc-410c-9f10-aa51413e8523,wo Gastfreundschaft zu Hause ist,Private room in Tux,4 guests · 2 bedrooms · 4 beds · 2.5 baths,empty,empty,empty,Price:$436,empty
/rooms/3673490?adults=4&check_in=2021-02-06&check_out=2021-02-13&previous_page_section_name=1000&federated_search_id=d7c1ef1c-7de5-4640-a93e-dc0eb95f9eab,"new 2br apartment with balcony, next to ski lift",Entire serviced apartment in Mayrhofen,4 guests · 2 bedrooms · 3 beds · 1.5 baths,Wifi · Kitchen · Free parking · Elevator,empty,5.0 (3),Price:$464,SUPERHOST
/rooms/9472448?adults=4&check_in=2021-02-06&check_out=2021-02-13&previous_page_section_name=1000&federated_search_id=d7c1ef1c-7de5-4640-a93e-dc0eb95f9eab,Adventure Holiday Hub: Gartenhäusl,Entire house in Schwendau,15 guests · 7 bedrooms · 10 beds · 3.5 baths,Wifi · Kitchen · Free parking · Breakfast,New lower price,4.29 (14),Previous price:$660Discounted price:$495,empty
/rooms/44587638?adults=4&check_in=2021-02-06&check_out=2021-02-13&previous_page_section_name=1000&federated_search_id=d7c1ef1c-7de5-4640-a93e-dc0eb95f9eab,"Modern Apartment in Mayrhofen with Ski-Storage, Parking & Garden",Entire apartment in Ramsau im Zillertal,10 guests · 5 bedrooms · 5 beds · 1 bath,Wifi · Kitchen · Dishwasher,empty,empty,Price:$815,empty
/rooms/44375968?adults=4&check_in=2021-02-06&check_out=2021-02-13&previous_page_section_name=1000&federated_search_id=d7c1ef1c-7de5-4640-a93e-dc0eb95f9eab,Apartement Schmalzl - Garden,Entire apartment in Finkenberg,6 guests · 2 bedrooms · 4 beds · 1 bath,Wifi · Free parking,empty,empty,Price:$218,empty
/rooms/23518593?adults=4&check_in=2021-02-06&check_out=2021-02-13&previous_page_section_name=1000&federated_search_id=d7c1ef1c-7de5-4640-a93e-dc0eb95f9eab,Bauernhaus Fankhauser Apartment  3 Schlafzimmern,Private room in Hippach,7 guests · 3 bedrooms · 5 beds · 1 private bath,Wifi · Kitchen · Free parking · Dishwasher,empty,5.0 (6),Price:$246,SUPERHOST
/rooms/40674921?adults=4&check_in=2021-02-06&check_out=2021-02-13&previous_page_section_name=1000&federated_search_id=d7c1ef1c-7de5-4640-a93e-dc0eb95f9eab,PENTHOUSE by BLACK EAGLE LUXURY APPARTEMENTS,Entire apartment in Schwendau,8 guests · 3 bedrooms · 3 beds · 2 baths,Wifi · Kitchen · Free parking · Pets allowed,empty,empty,"Price:$1,768",empty
/rooms/3680104?adults=4&check_in=2021-02-06&check_out=2021-02-13&previous_page_section_name=1000&federated_search_id=d7c1ef1c-7de5-4640-a93e-dc0eb95f9eab,"new 2br apartment with balcony, next to ski lift",Entire serviced apartment in Mayrhofen,4 guests · 2 bedrooms · 3 beds · 1 bath,Wifi · Kitchen · Free parking · Gym,empty,4.91 (11),Price:$500,SUPERHOST
/rooms/36821939?adults=4&check_in=2021-02-06&check_out=2021-02-13&previous_page_section_name=1000&federated_search_id=d7c1ef1c-7de5-4640-a93e-dc0eb95f9eab,Ferienhaus Kreuzlauhof,Entire chalet in Schwendau,12 guests · 5 bedrooms · 10 beds · 2.5 baths,Kitchen · Free parking · Pets allowed · Indoor fireplace,empty,5.0 (4),Price:$606,empty
/rooms/16241393?adults=4&check_in=2021-02-06&check_out=2021-02-13&previous_page_section_name=1000&federated_search_id=d7c1ef1c-7de5-4640-a93e-dc0eb95f9eab,Luxury Appartement-Black Eagle HOME,Entire apartment in Schwendau,7 guests · 2 bedrooms · 2 beds · 1 bath,Wifi · Kitchen · Free parking · Pets allowed,empty,4.92 (13),"Price:$1,229",empty
/rooms/44311689?adults=4&check_in=2021-02-06&check_out=2021-02-13&previous_page_section_name=1000&federated_search_id=d7c1ef1c-7de5-4640-a93e-dc0eb95f9eab,Gästehaus Neuhauser,Private room in Zell am Ziller,6 guests · 3 bedrooms · 3 beds · 3 baths,Wifi · Kitchen · Free parking,empty,empty,Price:$216,empty
/rooms/25314305?adults=4&check_in=2021-02-06&check_out=2021-02-13&previous_page_section_name=1000&federated_search_id=d7c1ef1c-7de5-4640-a93e-dc0eb95f9eab,Bauernhaus Fankhauser Apartment mit 2 Schlafzimmer,Private room in Laimach,5 guests · 2 bedrooms · 5 beds · 1 bath,Wifi · Kitchen · Free parking · Dishwasher,empty,empty,Price:$182,SUPERHOST
/rooms/18625048?adults=4&check_in=2021-02-06&check_out=2021-02-13&previous_page_section_name=1000&federated_search_id=d7c1ef1c-7de5-4640-a93e-dc0eb95f9eab,Bauernhaus Brandberg,Entire chalet in Schwaz,8 guests · 3 bedrooms · 6 beds · 1 bath,Wifi · Kitchen · Free parking · Pets allowed,empty,empty,Price:$315,empty
/rooms/46870593?adults=4&check_in=2021-02-06&check_out=2021-02-13&previous_page_section_name=1000&federated_search_id=d7c1ef1c-7de5-4640-a93e-dc0eb95f9eab,Lovely Apartment in Hainzenberg next to Forest,Entire apartment in Hainzenberg,12 guests · 4 bedrooms · 6 beds · 2 baths,Kitchen · Pets allowed,empty,empty,Price:$401,empty
/rooms/34213452?adults=4&check_in=2021-02-06&check_out=2021-02-13&previous_page_section_name=1000&federated_search_id=d7c1ef1c-7de5-4640-a93e-dc0eb95f9eab,Ferienwohnung Fussalm,Entire apartment in Schwaz,8 guests · 2 bedrooms · 9 beds · 1.5 baths,Wifi · Kitchen · Free parking · Pets allowed,empty,empty,Price:$363,empty
/rooms/46893849?adults=4&check_in=2021-02-06&check_out=2021-02-13&previous_page_section_name=1000&federated_search_id=d7c1ef1c-7de5-4640-a93e-dc0eb95f9eab,Attractive Apartment in Hainzenberg with Ski Storage,Entire apartment in Hainzenberg,12 guests · 4 bedrooms · 7 beds · 2 baths,Kitchen · Pets allowed · Dishwasher,empty,empty,Price:$401,empty
/rooms/33932354?adults=4&check_in=2021-02-06&check_out=2021-02-13&previous_page_section_name=1000&federated_search_id=d7c1ef1c-7de5-4640-a93e-dc0eb95f9eab,"Na lyže, cyklistika, horské tùry, koupání, golf",Entire apartment in Zell am Ziller,4 guests · 1 bedroom · 1 bed · 1 bath,Wifi · Kitchen · Free parking · Dishwasher,empty,4.0 (3),Price:$174,empty
/rooms/46917270?adults=4&check_in=2021-02-06&check_out=2021-02-13&previous_page_section_name=1000&federated_search_id=d7c1ef1c-7de5-4640-a93e-dc0eb95f9eab,Pleasant Apartment in Hainzenberg in a skiing area,Entire apartment in Hainzenberg,10 guests · 4 bedrooms · 7 beds · 2 baths,Kitchen · Pets allowed · Dishwasher,empty,empty,Price:$383,empty
/rooms/32588984?adults=4&check_in=2021-02-06&check_out=2021-02-13&previous_page_section_name=1000&federated_search_id=d7c1ef1c-7de5-4640-a93e-dc0eb95f9eab,Apartment Kreidl - Apartment mit 2 Doppelzimmer,Entire apartment in Laimach,6 guests · 2 bedrooms · 3 beds · 1 bath,Wifi · Kitchen · Free parking,empty,empty,Price:$242,empty
/rooms/44587598?adults=4&check_in=2021-02-06&check_out=2021-02-13&previous_page_section_name=1000&federated_search_id=d7c1ef1c-7de5-4640-a93e-dc0eb95f9eab,Vibrant Apartment near Ski Area in Zell am Ziller,Entire house in Zell am Ziller,10 guests · 5 bedrooms · 6 beds · 1 bath,Wifi · Kitchen · Pets allowed · Dishwasher,empty,empty,Price:$876,empty
/rooms/21903739?adults=4&check_in=2021-02-06&check_out=2021-02-13&previous_page_section_name=1000&federated_search_id=d7c1ef1c-7de5-4640-a93e-dc0eb95f9eab,Blaserhof,Private room in Gerlosberg,9 guests · 4 bedrooms · 9 beds · 1 private bath,Kitchen · Free parking,empty,5.0 (8),Price:$182,SUPERHOST
/rooms/46169069?adults=4&check_in=2021-02-06&check_out=2021-02-13&previous_page_section_name=1000&federated_search_id=6198c9e6-cc82-40b7-b412-a6edc969fba8,Laubichl Lodge by Apart Hotel Therese,Entire apartment in Mayrhofen,6 guests · 2 bedrooms · 2 beds · 1.5 baths,empty,empty,empty,Price:$497,empty
/rooms/43445354?adults=4&check_in=2021-02-06&check_out=2021-02-13&previous_page_section_name=1000&federated_search_id=6198c9e6-cc82-40b7-b412-a6edc969fba8,NEU!!!Chalet Pletzach-Alm in Aschau im Zillertal,Entire chalet in Aschau im Zillertal,8 guests · 4 bedrooms · 4 beds · 4.5 baths,empty,empty,5.0 (8),Price:$775,SUPERHOST
/rooms/45375759?adults=4&check_in=2021-02-06&check_out=2021-02-13&previous_page_section_name=1000&federated_search_id=6198c9e6-cc82-40b7-b412-a6edc969fba8,Blasinghof I,Entire apartment in Zell am Ziller,6 guests · 2 bedrooms · 3 beds · 1 bath,empty,empty,empty,Price:$142,empty
/rooms/4665968?adults=4&check_in=2021-02-06&check_out=2021-02-13&previous_page_section_name=1000&federated_search_id=6198c9e6-cc82-40b7-b412-a6edc969fba8,Schmiedhaus/Apartment Zellberg,Entire apartment in Aschau im Zillertal,5 guests · 2 bedrooms · 3 beds · 2 baths,empty,empty,4.77 (13),Price:$177,empty
/rooms/45587666?adults=4&check_in=2021-02-06&check_out=2021-02-13&previous_page_section_name=1000&federated_search_id=6198c9e6-cc82-40b7-b412-a6edc969fba8,Haus Melanie,Entire apartment in Gerlosberg,7 guests · 2 bedrooms · 5 beds · 1.5 baths,empty,empty,empty,Price:$166,empty
/rooms/42420339?adults=4&check_in=2021-02-06&check_out=2021-02-13&previous_page_section_name=1000&federated_search_id=6198c9e6-cc82-40b7-b412-a6edc969fba8,"Apartments Landhaus Seiringer ,,DANIELA''",Entire apartment in Finkenberg,4 guests · 2 bedrooms · 2 beds · 1.5 baths,empty,empty,empty,Price:$320,empty
/rooms/44587715?adults=4&check_in=2021-02-06&check_out=2021-02-13&previous_page_section_name=1000&federated_search_id=6198c9e6-cc82-40b7-b412-a6edc969fba8,Spacious Apartment with Sauna in Fügen,Entire apartment in Schwaz,6 guests · 2 bedrooms · 3 beds · 1 bath,empty,empty,empty,Price:$321,empty
/rooms/37050238?adults=4&check_in=2021-02-06&check_out=2021-02-13&previous_page_section_name=1000&federated_search_id=6198c9e6-cc82-40b7-b412-a6edc969fba8,Luxurious Apartment in Fügenberg with Sauna,Entire apartment in Fügenberg,7 guests · 2 bedrooms · 4 beds · 2 baths,empty,empty,4.92 (13),Price:$240,empty
/rooms/18426613?adults=4&check_in=2021-02-06&check_out=2021-02-13&previous_page_section_name=1000&federated_search_id=6198c9e6-cc82-40b7-b412-a6edc969fba8,Zillertal-UrlaubAT0013,Entire house in Hippach,12 guests · 4 bedrooms · 11 beds · 2 baths,empty,empty,4.73 (12),Price:$270,SUPERHOST
/rooms/16484175?adults=4&check_in=2021-02-06&check_out=2021-02-13&previous_page_section_name=1000&federated_search_id=6198c9e6-cc82-40b7-b412-a6edc969fba8,Wohnung Alpbachtal Sagtaler Spitze Alpbach,Entire apartment in Alpbach,6 guests · 2 bedrooms · 4 beds · 1.5 baths,empty,New lower price,4.93 (15),Previous price:$241Discounted price:$205,empty
/rooms/18427366?adults=4&check_in=2021-02-06&check_out=2021-02-13&previous_page_section_name=1000&federated_search_id=6198c9e6-cc82-40b7-b412-a6edc969fba8,Zillertal-UrlaubAT0012,Entire apartment in Hippach,8 guests · 3 bedrooms · 8 beds · 1 bath,empty,empty,4.40 (5),Price:$287,SUPERHOST
/rooms/46638678?adults=4&check_in=2021-02-06&check_out=2021-02-13&previous_page_section_name=1000&federated_search_id=6198c9e6-cc82-40b7-b412-a6edc969fba8,Scenic Apartment in Zell am Ziller-Gerlosberg with Garden,Entire apartment in Gerlosberg,5 guests · 2 bedrooms · 3 beds · 3 baths,empty,empty,empty,Price:$212,empty
/rooms/45980268?adults=4&check_in=2021-02-06&check_out=2021-02-13&previous_page_section_name=1000&federated_search_id=6198c9e6-cc82-40b7-b412-a6edc969fba8,Zimmer mit Frühstück  im Herzen von Fügen,Private room in Fügen,4 guests · 2 bedrooms · 1 bed · 1 private bath,empty,empty,empty,Price:$163,empty
/rooms/36337683?adults=4&check_in=2021-02-06&check_out=2021-02-13&previous_page_section_name=1000&federated_search_id=6198c9e6-cc82-40b7-b412-a6edc969fba8,Ferienwohnung Ines - 800 m vom Skigebiet entfernt,Entire apartment in Rohrberg,4 guests · 2 bedrooms · 4 beds · 2.5 baths,empty,empty,4.27 (11),Price:$225,empty
/rooms/46235843?adults=4&check_in=2021-02-06&check_out=2021-02-13&previous_page_section_name=1000&federated_search_id=6198c9e6-cc82-40b7-b412-a6edc969fba8,Ferienhaus Brandacher III,Entire apartment in Rohrberg,6 guests · 1 bedroom · 4 beds · 1 bath,empty,empty,empty,Price:$184,empty
/rooms/7002335?adults=4&check_in=2021-02-06&check_out=2021-02-13&previous_page_section_name=1000&federated_search_id=6198c9e6-cc82-40b7-b412-a6edc969fba8,Bergjuwel,Entire apartment in Wildschönau,6 guests · 2 bedrooms · 6 beds · 1 bath,empty,empty,4.91 (14),Price:$339,empty
/rooms/21390532?adults=4&check_in=2021-02-06&check_out=2021-02-13&previous_page_section_name=1000&federated_search_id=6198c9e6-cc82-40b7-b412-a6edc969fba8,TOP Urlaub im Zillertal TIROL  2-6 Personen,Hotel room in Finsing,6 guests · 2 bedrooms · 3 beds · 1.5 baths,empty,empty,5.0 (3),Price:$244,SUPERHOST
/rooms/44587668?adults=4&check_in=2021-02-06&check_out=2021-02-13&previous_page_section_name=1000&federated_search_id=6198c9e6-cc82-40b7-b412-a6edc969fba8,Idyllic Holiday Home in Hart im Zillertal with Balcony,Entire apartment in Hart im Zillertal,6 guests · 2 bedrooms · 4 beds · 2 baths,empty,empty,empty,Price:$221,empty
/rooms/34890028?adults=4&check_in=2021-02-06&check_out=2021-02-13&previous_page_section_name=1000&federated_search_id=6198c9e6-cc82-40b7-b412-a6edc969fba8,Apartments Zillertal - Apartment 1,Entire apartment in Mayrhofen,6 guests · 2 bedrooms · 4 beds · 1.5 baths,empty,empty,empty,Price:$396,empty
/rooms/36805504?adults=4&check_in=2021-02-06&check_out=2021-02-13&previous_page_section_name=1000&federated_search_id=6198c9e6-cc82-40b7-b412-a6edc969fba8,Pleasing Apartment in Kaltenbach near Ski Area,Entire apartment in Kaltenbach,6 guests · 2 bedrooms · 3 beds · 1 bath,empty,empty,empty,Price:$275,empty
/rooms/44609117?adults=4&check_in=2021-02-06&check_out=2021-02-13&previous_page_section_name=1000&federated_search_id=22bd7334-8d3b-4aac-8081-8ebb5168c282,Beautiful Apartment in Ried im Zillertal with Mountain View,Entire apartment in Schwaz,9 guests · 5 bedrooms · 5 beds · 5 baths,Wifi · Kitchen · Dishwasher,empty,empty,empty,empty
/rooms/44609244?adults=4&check_in=2021-02-06&check_out=2021-02-13&previous_page_section_name=1000&federated_search_id=22bd7334-8d3b-4aac-8081-8ebb5168c282,Fabulous Apartment in Kaltenbach near Ski Area,Entire apartment in Kaltenbach,4 guests · 1 bedroom · 3 beds · 1 bath,Wifi · Kitchen · Dishwasher,empty,empty,empty,empty
/rooms/30284547?adults=4&check_in=2021-02-06&check_out=2021-02-13&previous_page_section_name=1000&federated_search_id=22bd7334-8d3b-4aac-8081-8ebb5168c282,NeuhausLiving,Entire apartment in Aschau im Zillertal,4 guests · 2 bedrooms · 3 beds · 1 bath,Wifi · Kitchen · Free parking · Dishwasher,empty,4.85 (13),empty,empty
/rooms/46004713?adults=4&check_in=2021-02-06&check_out=2021-02-13&previous_page_section_name=1000&federated_search_id=22bd7334-8d3b-4aac-8081-8ebb5168c282,Wonderful Apartment in Fügenberg with Balcony,Entire apartment in Schwaz,4 guests · 1 bedroom · 2 beds · 1 bath,Wifi · Kitchen,empty,empty,empty,empty
/rooms/2796492?adults=4&check_in=2021-02-06&check_out=2021-02-13&previous_page_section_name=1000&federated_search_id=22bd7334-8d3b-4aac-8081-8ebb5168c282,Haus Alpin Top 2,Entire apartment in Gerlosberg,4 guests · 2 bedrooms · 4 beds · 2 baths,Wifi · Kitchen · Free parking · Pets allowed,empty,4.70 (81),empty,SUPERHOST
/rooms/38290005?adults=4&check_in=2021-02-06&check_out=2021-02-13&previous_page_section_name=1000&federated_search_id=22bd7334-8d3b-4aac-8081-8ebb5168c282,Haus Schweiber,Private room in Hainzenberg,10 guests · 5 bedrooms · 10 beds · 2 baths,Free parking · Breakfast,empty,5.0 (3),empty,empty
/rooms/36807408?adults=4&check_in=2021-02-06&check_out=2021-02-13&previous_page_section_name=1000&federated_search_id=22bd7334-8d3b-4aac-8081-8ebb5168c282,Luxurious Apartment with Sauna in Tyrol Austria,Entire apartment in Mayrhofen-Ramsau,16 guests · 8 bedrooms · 10 beds · 3 baths,Wifi · Kitchen · Dishwasher,empty,4.50 (3),empty,empty
/rooms/4666133?adults=4&check_in=2021-02-06&check_out=2021-02-13&previous_page_section_name=1000&federated_search_id=22bd7334-8d3b-4aac-8081-8ebb5168c282,Schmiedhaus/APT Gerlosstein,Entire apartment in Aschau im Zillertal,5 guests · 2 bedrooms · 3 beds · 1.5 baths,Wifi · Kitchen · Free parking,empty,4.58 (19),empty,empty
/rooms/42773489?adults=4&check_in=2021-02-06&check_out=2021-02-13&previous_page_section_name=1000&federated_search_id=22bd7334-8d3b-4aac-8081-8ebb5168c282,Maxis Alpin Lodge - Romantik Lodge mit Balkon,Entire apartment in Fügen,6 guests · 3 bedrooms · 3 beds · 2 baths,Wifi · Kitchen · Free parking,empty,empty,empty,empty
/rooms/14619192?adults=4&check_in=2021-02-06&check_out=2021-02-13&previous_page_section_name=1000&federated_search_id=22bd7334-8d3b-4aac-8081-8ebb5168c282,Cozy Apartment in Calm Surroundings,Entire apartment in Hainzenberg,4 guests · 2 bedrooms · 3 beds · 1 bath,Wifi · Kitchen · Free parking · Pets allowed,empty,4.50 (3),empty,empty
/rooms/39075127?adults=4&check_in=2021-02-06&check_out=2021-02-13&previous_page_section_name=1000&federated_search_id=22bd7334-8d3b-4aac-8081-8ebb5168c282,Modern Holiday Home in Zell am Ziller near Ski Lift,Entire house in Zell am Ziller,12 guests · 6 bedrooms · 6 beds · 4 baths,Wifi · Kitchen · Pets allowed · Dishwasher,empty,4.67 (3),empty,empty
/rooms/44587625?adults=4&check_in=2021-02-06&check_out=2021-02-13&previous_page_section_name=1000&federated_search_id=22bd7334-8d3b-4aac-8081-8ebb5168c282,Luxurious Apartment in Fügen with Sauna,Entire apartment in Schwaz,6 guests · 2 bedrooms · 3 beds · 1 bath,Wifi · Kitchen · Pets allowed,empty,empty,empty,empty
/rooms/17949850?adults=4&check_in=2021-02-06&check_out=2021-02-13&previous_page_section_name=1000&federated_search_id=22bd7334-8d3b-4aac-8081-8ebb5168c282,Ferienwohnung 45m² für 4 Personen -  (Waldblick),Entire apartment in Hart im Zillertal,4 guests · 2 bedrooms · 4 beds · 1 bath,Wifi · Kitchen · Free parking,empty,empty,empty,empty
/rooms/44587795?adults=4&check_in=2021-02-06&check_out=2021-02-13&previous_page_section_name=1000&federated_search_id=22bd7334-8d3b-4aac-8081-8ebb5168c282,Spacious Apartment in Kaltenbach with Sauna,Entire apartment in Stumm,12 guests · 4 bedrooms · 6 beds · 4 baths,Wifi · Kitchen · Dishwasher,empty,empty,empty,empty
/rooms/31009260?adults=4&check_in=2021-02-06&check_out=2021-02-13&previous_page_section_name=1000&federated_search_id=22bd7334-8d3b-4aac-8081-8ebb5168c282,Stunning Apartment in Kaltenbach near Ski Area,Entire apartment in Kaltenbach,6 guests · 3 bedrooms · 5 beds · 1 bath,Kitchen · Dishwasher,empty,empty,empty,empty
/rooms/44725546?adults=4&check_in=2021-02-06&check_out=2021-02-13&previous_page_section_name=1000&federated_search_id=22bd7334-8d3b-4aac-8081-8ebb5168c282,DieAussicht - Refugium am Berg,Entire house in Laimach,7 guests · 3 bedrooms · 7 beds · 0 baths,Wifi · Kitchen · Free parking · Pets allowed,empty,empty,empty,empty
/rooms/38812297?adults=4&check_in=2021-02-06&check_out=2021-02-13&previous_page_section_name=1000&federated_search_id=22bd7334-8d3b-4aac-8081-8ebb5168c282,Ferienhaus Spieljochblick,Entire house in Uderns,14 guests · 4 bedrooms · 8 beds · 2 baths,Wifi · Kitchen · Free parking · Pets allowed,empty,empty,empty,empty
/rooms/44609254?adults=4&check_in=2021-02-06&check_out=2021-02-13&previous_page_section_name=1000&federated_search_id=22bd7334-8d3b-4aac-8081-8ebb5168c282,Spacious Holiday Home near Ski Area in Kaltenbach,Entire house in Kaltenbach,8 guests · 4 bedrooms · 4 beds · 2 baths,Wifi · Kitchen · Dishwasher,empty,empty,empty,empty
/rooms/46323345?adults=4&check_in=2021-02-06&check_out=2021-02-13&previous_page_section_name=1000&federated_search_id=22bd7334-8d3b-4aac-8081-8ebb5168c282,Waldhaus III,Entire apartment in Mayrhofen,7 guests · 3 bedrooms · 4 beds · 2 baths,Wifi · Kitchen · Dishwasher,empty,empty,empty,empty
/rooms/46030199?adults=4&check_in=2021-02-06&check_out=2021-02-13&previous_page_section_name=1000&federated_search_id=22bd7334-8d3b-4aac-8081-8ebb5168c282,Kohlstatthof,Entire house in Mayrhofen,10 guests · 5 bedrooms · 5 beds · 4 baths,Wifi · Kitchen · Free parking · Dishwasher,empty,empty,empty,empty
/rooms/44671440?adults=4&check_in=2021-02-06&check_out=2021-02-13&previous_page_section_name=1000&federated_search_id=a14822be-cee4-4090-b858-e8876e1b6e3d,Unterkunft für Erholung und Ruhe!,Entire apartment in Buch,5 guests · 1 bedroom · 1 bed · 1 bath,empty,empty,empty,Price:$ 105,empty
/rooms/46235821?adults=4&check_in=2021-02-06&check_out=2021-02-13&previous_page_section_name=1000&federated_search_id=a14822be-cee4-4090-b858-e8876e1b6e3d,Ferienhaus Brandacher II,Entire apartment in Rohrberg,8 guests · 2 bedrooms · 5 beds · 1 bath,empty,empty,empty,Price:$ 238,empty
/rooms/18426617?adults=4&check_in=2021-02-06&check_out=2021-02-13&previous_page_section_name=1000&federated_search_id=a14822be-cee4-4090-b858-e8876e1b6e3d,Zillertal-UrlaubAT0010,Entire apartment in Zell am Ziller,8 guests · 3 bedrooms · 8 beds · 2 baths,empty,empty,5.0 (6),Price:$ 284,SUPERHOST
/rooms/37050230?adults=4&check_in=2021-02-06&check_out=2021-02-13&previous_page_section_name=1000&federated_search_id=a14822be-cee4-4090-b858-e8876e1b6e3d,Luxurious Apartment in Fügenberg with Sauna,Entire apartment in Fügenberg,10 guests · 3 bedrooms · 5 beds · 2 baths,empty,empty,empty,Price:$ 291,empty
/rooms/18426612?adults=4&check_in=2021-02-06&check_out=2021-02-13&previous_page_section_name=1000&federated_search_id=a14822be-cee4-4090-b858-e8876e1b6e3d,Zillertal-UrlaubAT0003,Entire apartment in Ramsau im Zillertal,8 guests · 3 bedrooms · 8 beds · 1 bath,empty,empty,4.80 (5),Price:$ 287,SUPERHOST
/rooms/44609123?adults=4&check_in=2021-02-06&check_out=2021-02-13&previous_page_section_name=1000&federated_search_id=a14822be-cee4-4090-b858-e8876e1b6e3d,Spacious Apartment in Gerlos near Ski Area,Entire apartment in Gerlos,6 guests · 3 bedrooms · 3 beds · 1 bath,empty,empty,empty,Price:$ 936,empty
/rooms/44587715?adults=4&check_in=2021-02-06&check_out=2021-02-13&previous_page_section_name=1000&federated_search_id=a14822be-cee4-4090-b858-e8876e1b6e3d,Spacious Apartment with Sauna in Fügen,Entire apartment in Schwaz,6 guests · 2 bedrooms · 3 beds · 1 bath,empty,empty,empty,Price:$ 321,empty
/rooms/4665968?adults=4&check_in=2021-02-06&check_out=2021-02-13&previous_page_section_name=1000&federated_search_id=a14822be-cee4-4090-b858-e8876e1b6e3d,Schmiedhaus/Apartment Zellberg,Entire apartment in Aschau im Zillertal,5 guests · 2 bedrooms · 3 beds · 2 baths,empty,empty,4.77 (13),Price:$ 177,empty
/rooms/46917257?adults=4&check_in=2021-02-06&check_out=2021-02-13&previous_page_section_name=1000&federated_search_id=a14822be-cee4-4090-b858-e8876e1b6e3d,Relaxing Apartment in Hainzenberg with Ski Storage,Entire apartment in Hainzenberg,8 guests · 3 bedrooms · 6 beds · 1 bath,empty,empty,empty,Price:$ 338,empty
/rooms/13246121?adults=4&check_in=2021-02-06&check_out=2021-02-13&previous_page_section_name=1000&federated_search_id=a14822be-cee4-4090-b858-e8876e1b6e3d,"App.  ""Landleben"" in  Gerlos  für 4- 5  Personen",Entire apartment in Gerlos,5 guests · 2 bedrooms · 5 beds · 2 baths,empty,empty,5.0 (3),Price:$ 291,empty
/rooms/36805512?adults=4&check_in=2021-02-06&check_out=2021-02-13&previous_page_section_name=1000&federated_search_id=a14822be-cee4-4090-b858-e8876e1b6e3d,Modern Apartment with Sauna in Stumm Tyrol,Entire apartment in Stumm - Kaltenbach,4 guests · 1 bedroom · 2 beds · 1 bath,empty,empty,empty,Price:$ 206,empty
/rooms/36806536?adults=4&check_in=2021-02-06&check_out=2021-02-13&previous_page_section_name=1000&federated_search_id=a14822be-cee4-4090-b858-e8876e1b6e3d,Beautiful Apartment in Gerlosberg near Zilletral Ski Area,Entire apartment in Zell am Ziller-Gerlosberg,8 guests · 4 bedrooms · 5 beds · 4 baths,empty,empty,empty,Price:$ 292,empty
/rooms/46963358?adults=4&check_in=2021-02-06&check_out=2021-02-13&previous_page_section_name=1000&federated_search_id=a14822be-cee4-4090-b858-e8876e1b6e3d,Welcoming Apartment in Patergassen with Free Wifi,Entire apartment in Schwaz,4 guests · 3 bedrooms · 3 beds · 2 baths,empty,empty,empty,Price:$ 190,empty
/rooms/21931335?adults=4&check_in=2021-02-06&check_out=2021-02-13&previous_page_section_name=1000&federated_search_id=a14822be-cee4-4090-b858-e8876e1b6e3d,"Großzügige Whg im OG, Südwest-Balkon (Whg 3)",Entire apartment in Stumm,5 guests · 2 bedrooms · 6 beds · 1 bath,empty,empty,5.0 (6),Price:$ 157,empty
/rooms/44587625?adults=4&check_in=2021-02-06&check_out=2021-02-13&previous_page_section_name=1000&federated_search_id=a14822be-cee4-4090-b858-e8876e1b6e3d,Luxurious Apartment in Fügen with Sauna,Entire apartment in Schwaz,6 guests · 2 bedrooms · 3 beds · 1 bath,empty,empty,empty,Price:$ 321,empty
/rooms/44587651?adults=4&check_in=2021-02-06&check_out=2021-02-13&previous_page_section_name=1000&federated_search_id=a14822be-cee4-4090-b858-e8876e1b6e3d,Spacious Apartment in Aschau im Zillertal with Balcony,Entire apartment in Aschau im Zillertal,13 guests · 5 bedrooms · 8 beds · 4 baths,empty,empty,empty,Price:$ 460,empty
/rooms/37050253?adults=4&check_in=2021-02-06&check_out=2021-02-13&previous_page_section_name=1000&federated_search_id=a14822be-cee4-4090-b858-e8876e1b6e3d,Luxurious Apartment With Terrace in Fügenberg Austria,Entire apartment in Fügenberg,10 guests · 3 bedrooms · 5 beds · 2 baths,empty,empty,4.89 (9),Price:$ 379,empty
/rooms/18427366?adults=4&check_in=2021-02-06&check_out=2021-02-13&previous_page_section_name=1000&federated_search_id=a14822be-cee4-4090-b858-e8876e1b6e3d,Zillertal-UrlaubAT0012,Entire apartment in Hippach,8 guests · 3 bedrooms · 8 beds · 1 bath,empty,empty,4.40 (5),Price:$ 287,SUPERHOST
/rooms/46638656?adults=4&check_in=2021-02-06&check_out=2021-02-13&previous_page_section_name=1000&federated_search_id=a14822be-cee4-4090-b858-e8876e1b6e3d,Beautiful Apartment in Fügenberg with Balcony,Entire apartment in Schwaz,6 guests · 2 bedrooms · 3 beds · 2 baths,empty,empty,empty,Price:$ 214,empty
/rooms/44609244?adults=4&check_in=2021-02-06&check_out=2021-02-13&previous_page_section_name=1000&federated_search_id=a14822be-cee4-4090-b858-e8876e1b6e3d,Fabulous Apartment in Kaltenbach near Ski Area,Entire apartment in Kaltenbach,4 guests · 1 bedroom · 3 beds · 1 bath,empty,empty,empty,Price:$ 206,empty
/rooms/26189357?adults=4&check_in=2021-02-06&check_out=2021-02-13&previous_page_section_name=1000&federated_search_id=2dc6d79f-cf62-4d64-8979-6d78fdd7f19f,Comfort Chalet Mühle,Entire house in Kaltenbach,7 guests · 4 bedrooms · 4 beds · 2 baths,Kitchen · Hot tub · Indoor fireplace · Dishwasher,empty,empty,empty,empty
/rooms/37050230?adults=4&check_in=2021-02-06&check_out=2021-02-13&previous_page_section_name=1000&federated_search_id=2dc6d79f-cf62-4d64-8979-6d78fdd7f19f,Luxurious Apartment in Fügenberg with Sauna,Entire apartment in Fügenberg,10 guests · 3 bedrooms · 5 beds · 2 baths,Kitchen · Dishwasher · Pets allowed · Wifi,empty,empty,empty,empty
/rooms/15315860?adults=4&check_in=2021-02-06&check_out=2021-02-13&previous_page_section_name=1000&federated_search_id=2dc6d79f-cf62-4d64-8979-6d78fdd7f19f,Ferienwohnung Eder,Entire condominium in Hippach-Schwendberg,10 guests · 4 bedrooms · 10 beds · 2 baths,Kitchen · Dishwasher · Free parking · Wifi,empty,4.86 (14),empty,empty
/rooms/31721246?adults=4&check_in=2021-02-06&check_out=2021-02-13&previous_page_section_name=1000&federated_search_id=2dc6d79f-cf62-4d64-8979-6d78fdd7f19f,"Deluxe Apartment Silvi, #Apartklusiv Kaltenbach",Entire apartment in Kaltenbach,6 guests · 2 bedrooms · 4 beds · 1 bath,Kitchen · Ski-in/Ski-out · Self check-in · Elevator,empty,empty,empty,empty
/rooms/44587651?adults=4&check_in=2021-02-06&check_out=2021-02-13&previous_page_section_name=1000&federated_search_id=2dc6d79f-cf62-4d64-8979-6d78fdd7f19f,Spacious Apartment in Aschau im Zillertal with Balcony,Entire apartment in Aschau im Zillertal,13 guests · 5 bedrooms · 8 beds · 4 baths,Kitchen · Dishwasher · Wifi,empty,empty,empty,empty
/rooms/45375808?adults=4&check_in=2021-02-06&check_out=2021-02-13&previous_page_section_name=1000&federated_search_id=2dc6d79f-cf62-4d64-8979-6d78fdd7f19f,Britzerhof,Entire house in Ramsau im Zillertal,16 guests · 7 bedrooms · 10 beds · 4 baths,Kitchen · Dishwasher · Wifi,empty,empty,empty,empty
/rooms/24795643?adults=4&check_in=2021-02-06&check_out=2021-02-13&previous_page_section_name=1000&federated_search_id=2dc6d79f-cf62-4d64-8979-6d78fdd7f19f,Comfortable Apartment in Aschau im Zillertal near Ski Area,Entire apartment in Aschau im Zillertal,10 guests · 4 bedrooms · 6 beds · 2 baths,Kitchen · Dishwasher · Wifi,empty,4.33 (3),empty,empty
/rooms/36806536?adults=4&check_in=2021-02-06&check_out=2021-02-13&previous_page_section_name=1000&federated_search_id=2dc6d79f-cf62-4d64-8979-6d78fdd7f19f,Beautiful Apartment in Gerlosberg near Zilletral Ski Area,Entire apartment in Zell am Ziller-Gerlosberg,8 guests · 4 bedrooms · 5 beds · 4 baths,Kitchen · Dishwasher · Wifi,empty,empty,empty,empty
/rooms/18339028?adults=4&check_in=2021-02-06&check_out=2021-02-13&previous_page_section_name=1000&federated_search_id=2dc6d79f-cf62-4d64-8979-6d78fdd7f19f,Landhaus Christina - Apartment Ahorn,Entire condominium in Brandberg,5 guests · 1 bedroom · 2 beds · 1 bath,Kitchen · Free parking · Wifi,empty,empty,empty,empty
/rooms/44375968?adults=4&check_in=2021-02-06&check_out=2021-02-13&previous_page_section_name=1000&federated_search_id=2dc6d79f-cf62-4d64-8979-6d78fdd7f19f,Apartement Schmalzl - Garden,Entire apartment in Finkenberg,6 guests · 2 bedrooms · 4 beds · 1 bath,Free parking · Wifi,empty,empty,empty,empty
/rooms/17925741?adults=4&check_in=2021-02-06&check_out=2021-02-13&previous_page_section_name=1000&federated_search_id=2dc6d79f-cf62-4d64-8979-6d78fdd7f19f,Ferienwohnung Höllwarth,Entire condominium in Stumm,8 guests · 3 bedrooms · 5 beds · 2 baths,Kitchen · Dishwasher · Pets allowed · Free parking,empty,4.93 (15),empty,empty
/rooms/18625048?adults=4&check_in=2021-02-06&check_out=2021-02-13&previous_page_section_name=1000&federated_search_id=2dc6d79f-cf62-4d64-8979-6d78fdd7f19f,Bauernhaus Brandberg,Entire chalet in Schwaz,8 guests · 3 bedrooms · 6 beds · 1 bath,Kitchen · Indoor fireplace · Pets allowed · Free parking,empty,empty,empty,empty
/rooms/1512623?adults=4&check_in=2021-02-06&check_out=2021-02-13&previous_page_section_name=1000&federated_search_id=2dc6d79f-cf62-4d64-8979-6d78fdd7f19f,Apartment in the heart of the Alps,Entire apartment in Tux,4 guests · 2 bedrooms · 2 beds · 1 bath,Kitchen · Dishwasher · Washer · Dryer,empty,4.80 (20),empty,SUPERHOST
/rooms/45969307?adults=4&check_in=2021-02-06&check_out=2021-02-13&previous_page_section_name=1000&federated_search_id=2dc6d79f-cf62-4d64-8979-6d78fdd7f19f,Großzügiges Apartment in Mayrhofen,Entire house in Mayrhofen,4 guests · 2 bedrooms · 2 beds · 3 baths,Kitchen · Dishwasher · Washer · Dryer,empty,empty,empty,empty
/rooms/46963358?adults=4&check_in=2021-02-06&check_out=2021-02-13&previous_page_section_name=1000&federated_search_id=2dc6d79f-cf62-4d64-8979-6d78fdd7f19f,Welcoming Apartment in Patergassen with Free Wifi,Entire apartment in Schwaz,4 guests · 3 bedrooms · 3 beds · 2 baths,Kitchen · Dishwasher · Wifi,empty,empty,empty,empty
/rooms/34381885?adults=4&check_in=2021-02-06&check_out=2021-02-13&previous_page_section_name=1000&federated_search_id=2dc6d79f-cf62-4d64-8979-6d78fdd7f19f,Alpbach Bergwald apartment 6 - Moos,Hotel room in Alpbach,4 guests · 2 bedrooms · 2 beds · 3 baths,Kitchen · Self check-in · Washer · Dryer,empty,empty,empty,empty
/rooms/40245167?adults=4&check_in=2021-02-06&check_out=2021-02-13&previous_page_section_name=1000&federated_search_id=2dc6d79f-cf62-4d64-8979-6d78fdd7f19f,Spacious Holiday Home in Zell am Ziller near Ski Area,Entire house in Zell am Ziller,16 guests · 10 bedrooms · 13 beds · 2 baths,Kitchen · Dishwasher · Pets allowed · Wifi,empty,empty,empty,empty
/rooms/42188442?adults=4&check_in=2021-02-06&check_out=2021-02-13&previous_page_section_name=1000&federated_search_id=2dc6d79f-cf62-4d64-8979-6d78fdd7f19f,Naturlodge Tirol - Naturverbunden im Zillertal,Entire chalet in Fügen,14 guests · 6 bedrooms · 14 beds · 2 baths,Kitchen · Indoor fireplace · Free parking · Wifi,empty,4.92 (12),empty,empty
/rooms/46638656?adults=4&check_in=2021-02-06&check_out=2021-02-13&previous_page_section_name=1000&federated_search_id=2dc6d79f-cf62-4d64-8979-6d78fdd7f19f,Beautiful Apartment in Fügenberg with Balcony,Entire apartment in Schwaz,6 guests · 2 bedrooms · 3 beds · 2 baths,Kitchen · Dishwasher,empty,empty,empty,empty
/rooms/23636170?adults=4&check_in=2021-02-06&check_out=2021-02-13&previous_page_section_name=1000&federated_search_id=2dc6d79f-cf62-4d64-8979-6d78fdd7f19f,"Ferienhaus ""Zeitlos""",Entire house in Neu-Terfens,7 guests · 3 bedrooms · 4 beds · 3 baths,Kitchen · Self check-in · Dishwasher · Washer,New lower price,4.98 (45),$225,SUPERHOST
