url,name,header,rooms,type_business,badge,rating_n_reviews,price,superhost,specialty_1,specialty_2,specialty_3,specialty_4,specialty_5,refundable_1,refundable_2,prices_details_1,prices_details_2,prices_details_3,prices_totals_1,prices_totals_2,ratings_cleanliness,ratings_accuracy,ratings_communication,ratings_location,ratings_checkin,ratings_value,lang_responses,house_rules,amentities
/rooms/39016327?adults=4&check_in=2021-02-06&check_out=2021-02-13&previous_page_section_name=1000&federated_search_id=2337b112-5fc1-4682-811e-8353fc0f3af7,Logenplatz Zillertal Chalet,Entire chalet in Ramsau im Zillertal,7 guests ¬∑ 4 bedrooms ¬∑ 4 beds ¬∑ 3 baths,Hosted by a business ¬∑ Kitchen ¬∑ Indoor fireplace ¬∑ Dishwasher,empty,5.0¬†(3),Price:$556,empty,Entire home,Enhanced Clean,Fully-equipped kitchen,Free cancellation until Jan 23,House rules,empty,empty,"‚Ç¨380 x 7 nightsView price breakdown‚Ç¨2,660",Cleaning feeView price breakdown‚Ç¨150,Hospitality feesView price breakdown‚Ç¨399,Service feeView price breakdown‚Ç¨0,"Total‚Ç¨3,209",5.0,5.0,4.7,5.0,5.0,4.7,Response rate: 40%**__**Response time: a few days or more,Û∞Ä•Check-in:  4:00 PM - 11:00 PM**__**Û∞Ä•Checkout: 9:00 AM**__**Û±§àNo smoking**__**Û±§ÇNo parties or events**__**Û±§ÖPets are allowed**__**ÛπÄÅCommitted to Airbnb's enhanced cleaning process. Learn more**__**Airbnb's social-distancing and other COVID-19-related guidelines apply**__**Û±†ÉNo carbon monoxide alarm**__**Û±†ÅSmoke alarm,"{""amentity_Bathroom"": [""Hair dryer"", ""Hot water"", ""Bathtub""], ""amentity_Bedroom and laundry"": [""Hangers"", ""Essentials"", ""Bed linens""], ""amentity_Entertainment"": [""TV""], ""amentity_Family"": [""High chair"", ""Crib""], ""amentity_Heating and cooling"": [""Heating"", ""Indoor fireplace""], ""amentity_Home safety"": [""Unavailable: Security cameras on property"", ""Smoke alarm"", ""First aid kit"", ""Fire extinguisher""], ""amentity_Internet and office"": [""Wifi"", ""Dedicated workspace""], ""amentity_Kitchen and dining"": [""Cooking basics"", ""Kitchen"", ""Stove"", ""Coffee maker"", ""Dishes and silverware"", ""Oven"", ""Dishwasher"", ""Refrigerator""], ""amentity_Location features"": [""Private entrance""], ""amentity_Outdoor"": [""Patio or balcony"", ""BBQ grill"", ""Garden or backyard""], ""amentity_Parking and facilities"": [""Free street parking"", ""Free parking on premises""], ""amentity_Services"": [""Long term stays allowed""], ""amentity_Not included"": [""Unavailable: Shampoo"", ""Unavailable: Air conditioning"", ""Unavailable: Washer"", ""Unavailable: Carbon monoxide alarm""]}"
/rooms/46427037?adults=4&check_in=2021-02-06&check_out=2021-02-13&previous_page_section_name=1000&federated_search_id=2337b112-5fc1-4682-811e-8353fc0f3af7,MO's Apartments,Entire apartment in Mayrhofen,6 guests ¬∑ 2 bedrooms ¬∑ 6 beds ¬∑ 1 bath,Kitchen ¬∑ Air conditioning ¬∑ Free parking ¬∑ Wifi,empty,empty,Price:$229,empty,Entire home,Enhanced Clean,Wifi,Cancellation policy,House rules,"Non-refundable ¬∑ ‚Ç¨1,322 total","Refundable ¬∑ ‚Ç¨1,462 total",empty,empty,empty,"Total‚Ç¨1,322",empty,empty,empty,empty,empty,empty,empty,Response rate: 70%**__**Response time: within a few hours,Û∞Ä•Check-in:  4:00 PM - 10:00 PM**__**Û±§àNo smoking**__**Û±§ÜNo pets**__**Û±§ÇNo parties or events**__**Û±†ÅLong term stays (28 days or more) are allowed**__**ÛπÄÅCommitted to Airbnb's enhanced cleaning process. Learn more**__**Airbnb's social-distancing and other COVID-19-related guidelines apply**__**Û±†ÜCarbon monoxide alarm not reported Learn more**__**Û±†ÅSmoke alarm,"{""amentity_Bedroom and laundry"": [""Essentials"", ""Hangers""], ""amentity_Entertainment"": [""TV""], ""amentity_Heating and cooling"": [""Heating"", ""Air conditioning""], ""amentity_Home safety"": [""Unavailable: Security cameras on property"", ""Fire extinguisher"", ""Smoke alarm""], ""amentity_Internet and office"": [""Wifi""], ""amentity_Kitchen and dining"": [""Kitchen""], ""amentity_Location features"": [""Private entrance""], ""amentity_Parking and facilities"": [""Free parking on premises""], ""amentity_Not included"": [""Unavailable: Shampoo"", ""Unavailable: Washer"", ""Unavailable: Hair dryer"", ""Unavailable: Carbon monoxide alarm""]}"
/rooms/46523165?adults=4&check_in=2021-02-06&check_out=2021-02-13&previous_page_section_name=1000&federated_search_id=2337b112-5fc1-4682-811e-8353fc0f3af7,Apartment 2 Villa Daringer (5 pax.),Entire apartment in Mayrhofen,5 guests ¬∑ 2 bedrooms ¬∑ 5 beds ¬∑ 1 bath,Free parking ¬∑ Wifi,empty,empty,Price:$223,empty,empty,empty,empty,empty,empty,empty,empty,empty,empty,empty,empty,empty,empty,empty,empty,empty,empty,empty,,,{}
/rooms/24459268?adults=4&check_in=2021-02-06&check_out=2021-02-13&previous_page_section_name=1000&federated_search_id=2337b112-5fc1-4682-811e-8353fc0f3af7,Zillertal Apart Alexander,Entire apartment in Laimach,8 guests ¬∑ 4 bedrooms ¬∑ 4 beds ¬∑ 2.5 baths,Kitchen ¬∑ Dishwasher ¬∑ Free parking ¬∑ Wifi,empty,5.0¬†(10),Previous price:$151Discounted price:$145,SUPERHOST,Entire home,Enhanced Clean,Maria is a Superhost,Free cancellation until 3:00 PM on Feb 5,House rules,empty,empty,‚Ç¨100 x 7 nightsView price breakdown‚Ç¨700,5% weekly price discountView price breakdown-‚Ç¨35,Cleaning feeView price breakdown‚Ç¨50,Service feeView price breakdown‚Ç¨121,Total‚Ç¨836,5.0,4.8,5.0,4.9,5.0,4.9,Response rate: 100%**__**Response time: within a day,Û∞Ä•Check-in:  After 3:00 PM**__**Û∞Ä•Checkout: 10:00 AM**__**Û±§àNo smoking**__**Û±§ÜNo pets**__**Û±§ÇNo parties or events**__**ÛπÄÅCommitted to Airbnb's enhanced cleaning process. Learn more**__**Airbnb's social-distancing and other COVID-19-related guidelines apply**__**Û±†ÜCarbon monoxide alarm not reported Learn more**__**Û±†ÉClimbing or play structure,"{""amentity_Bathroom"": [""Hot water""], ""amentity_Bedroom and laundry"": [""Essentials"", ""Hangers""], ""amentity_Entertainment"": [""TV""], ""amentity_Family"": [""High chair"", ""Crib"", ""Children\u2019s books and toys"", ""Pack \u2019n Play/travel crib""], ""amentity_Heating and cooling"": [""Heating""], ""amentity_Home safety"": [""Unavailable: Security cameras on property"", ""Fire extinguisher"", ""Smoke alarm""], ""amentity_Internet and office"": [""Wifi"", ""Dedicated workspace""], ""amentity_Kitchen and dining"": [""Stove"", ""Microwave"", ""Oven"", ""Baking sheet"", ""Cooking basics"", ""Dishes and silverware"", ""Kitchen"", ""Dishwasher"", ""Refrigerator"", ""Coffee maker""], ""amentity_Outdoor"": [""Patio or balcony""], ""amentity_Parking and facilities"": [""Free street parking"", ""Free parking on premises""], ""amentity_Services"": [""Host greets you"", ""Luggage dropoff allowed""], ""amentity_Not included"": [""Unavailable: Washer"", ""Unavailable: Hair dryer"", ""Unavailable: Carbon monoxide alarm"", ""Unavailable: Air conditioning"", ""Unavailable: Private entrance"", ""Unavailable: Shampoo""]}"
/rooms/22852997?adults=4&check_in=2021-02-06&check_out=2021-02-13&previous_page_section_name=1000&federated_search_id=2337b112-5fc1-4682-811e-8353fc0f3af7,Ferienwohnung Wiesberg,Entire apartment in Schwendau,4 guests ¬∑ 2 bedrooms ¬∑ 4 beds ¬∑ 1 bath,Kitchen ¬∑ Dishwasher ¬∑ Washer ¬∑ Free parking,empty,5.0¬†(7),Price:$145,empty,empty,empty,empty,empty,empty,empty,empty,empty,empty,empty,empty,empty,empty,empty,empty,empty,empty,empty,,,{}
/rooms/43838150?adults=4&check_in=2021-02-06&check_out=2021-02-13&previous_page_section_name=1000&federated_search_id=2337b112-5fc1-4682-811e-8353fc0f3af7,Haus Claudia,Entire apartment in Schwendau,6 guests ¬∑ 3 bedrooms ¬∑ 3 beds ¬∑ 2 baths,Kitchen ¬∑ Free parking ¬∑ Wifi,empty,4.67¬†(3),Price:$238,SUPERHOST,Entire home,Enhanced Clean,Claudia is a Superhost,Free cancellation until 3:00 PM on Feb 5,House rules,empty,empty,"‚Ç¨160 x 7 nightsView price breakdown‚Ç¨1,120",Cleaning feeView price breakdown‚Ç¨52,empty,Service feeView price breakdown‚Ç¨199,"Total‚Ç¨1,371",5.0,5.0,5.0,5.0,5.0,4.0,"Languages: English, Deutsch, Italiano**__**Response rate: 100%**__**Response time: within an hour",Û±§àNo smoking**__**Û±§ÇNo parties or events**__**ÛπÄÅCommitted to Airbnb's enhanced cleaning process. Learn more**__**Airbnb's social-distancing and other COVID-19-related guidelines apply**__**Û±†ÉNo carbon monoxide alarm**__**Û±†ÉNo smoke alarm,{}
/rooms/39881589?adults=4&check_in=2021-02-06&check_out=2021-02-13&previous_page_section_name=1000&federated_search_id=2337b112-5fc1-4682-811e-8353fc0f3af7,Pleasant penthouse in Mayrhofen with Sauna,Entire apartment in Mayrhofen,6 guests ¬∑ 2 bedrooms ¬∑ 3 beds ¬∑ 0 baths,Kitchen ¬∑ Dishwasher ¬∑ Wifi,empty,empty,Price:$331,empty,empty,empty,empty,empty,empty,empty,empty,empty,empty,empty,empty,empty,empty,empty,empty,empty,empty,empty,,,{}
/rooms/31741201?adults=4&check_in=2021-02-06&check_out=2021-02-13&previous_page_section_name=1000&federated_search_id=2337b112-5fc1-4682-811e-8353fc0f3af7,Apart Melanie,Entire apartment in Schwaz,4 guests ¬∑ 2 bedrooms ¬∑ 2 beds ¬∑ 1 bath,Kitchen ¬∑ Dishwasher ¬∑ Washer ¬∑ Dryer,empty,4.94¬†(18),Price:$118,SUPERHOST,Entire home,Enhanced Clean,Andrea is a Superhost,Cancellation policy,House rules,Non-refundable ¬∑ ‚Ç¨680 total,Refundable ¬∑ ‚Ç¨750 total,empty,empty,empty,Total‚Ç¨680,empty,empty,empty,empty,empty,empty,empty,,,{}
/rooms/22134628?adults=4&check_in=2021-02-06&check_out=2021-02-13&previous_page_section_name=1000&federated_search_id=2337b112-5fc1-4682-811e-8353fc0f3af7,Mountain chalet,Entire apartment in Mayrhofen,6 guests ¬∑ 3 bedrooms ¬∑ 4 beds ¬∑ 1 bath,Kitchen ¬∑ Washer ¬∑ Dryer ¬∑ Pets allowed,New lower price,4.83¬†(116),Previous price:$386Discounted price:$279,SUPERHOST,Entire home,Enhanced Clean,Timea is a Superhost,Free cancellation until 1:00 PM on Feb 5,House rules,empty,empty,"‚Ç¨285 x 7 nightsView price breakdown‚Ç¨1,995",31% weekly price discountView price breakdown-‚Ç¨618,empty,Service feeView price breakdown‚Ç¨233,"Total‚Ç¨1,610",4.9,4.8,5.0,4.8,5.0,4.8,Response rate: 100%**__**Response time: within an hour,Û∞Ä•Check-in:  After 1:00 PM**__**Û∞Ä•Checkout: 12:00 PM**__**Û±§ÇNo parties or events**__**Û±§ÖPets are allowed**__**Û±§áSmoking is allowed**__**ÛπÄÅCommitted to Airbnb's enhanced cleaning process. Learn more**__**Airbnb's social-distancing and other COVID-19-related guidelines apply**__**Û±†ÜCarbon monoxide alarm not reported Learn more**__**Û±†ÅSmoke alarm,"{""amentity_Bathroom"": [""Hot water"", ""Hair dryer"", ""Shampoo""], ""amentity_Bedroom and laundry"": [""Dryer"", ""Iron"", ""Washer"", ""Bed linens"", ""Essentials"", ""Hangers""], ""amentity_Entertainment"": [""TV""], ""amentity_Heating and cooling"": [""Heating""], ""amentity_Home safety"": [""Unavailable: Security cameras on property"", ""First aid kit"", ""Fire extinguisher"", ""Smoke alarm""], ""amentity_Internet and office"": [""Wifi"", ""Pocket wifi""], ""amentity_Kitchen and dining"": [""Stove"", ""Microwave"", ""Oven"", ""Cooking basics"", ""Dishes and silverware"", ""Kitchen"", ""Refrigerator"", ""Coffee maker""], ""amentity_Outdoor"": [""BBQ grill"", ""Patio or balcony"", ""Garden or backyard""], ""amentity_Parking and facilities"": [""Free parking on premises""], ""amentity_Services"": [""Long term stays allowed""], ""amentity_Not included"": [""Unavailable: Carbon monoxide alarm"", ""Unavailable: Air conditioning"", ""Unavailable: Private entrance""]}"
/rooms/39723902?adults=4&check_in=2021-02-06&check_out=2021-02-13&previous_page_section_name=1000&federated_search_id=2337b112-5fc1-4682-811e-8353fc0f3af7,Astegger Talhof,Entire apartment in Finkenberg,10 guests ¬∑ 5 bedrooms ¬∑ 7 beds ¬∑ 5 baths,Kitchen ¬∑ Dishwasher ¬∑ Pets allowed ¬∑ Free parking,empty,4.90¬†(10),Price:$325,SUPERHOST,Entire home,Enhanced Clean,Alois is a Superhost,Free cancellation until 1:00 PM on Feb 1,House rules,empty,empty,"‚Ç¨259 x 7 nightsView price breakdown‚Ç¨1,813",Cleaning feeView price breakdown‚Ç¨60,empty,Service feeView price breakdown‚Ç¨0,"Total‚Ç¨1,873",5.0,4.9,5.0,4.9,5.0,5.0,"Languages: English, Deutsch**__**Response rate: 100%**__**Response time: within an hour",Û∞Ä•Check-in:  After 1:00 PM**__**Û∞Ä•Checkout: 10:00 AM**__**Û±§àNo smoking**__**Û±§ÖPets are allowed**__**ÛπÄÅCommitted to Airbnb's enhanced cleaning process. Learn more**__**Airbnb's social-distancing and other COVID-19-related guidelines apply**__**Û±†ÉNo carbon monoxide alarm**__**Û±†ÉNo smoke alarm,{}
/rooms/47299753?adults=4&check_in=2021-02-06&check_out=2021-02-13&previous_page_section_name=1000&federated_search_id=2337b112-5fc1-4682-811e-8353fc0f3af7,Ferienwohnung Greti - Haus Jochler,Entire serviced apartment in Ried im Zillertal,4 guests ¬∑ 2 bedrooms ¬∑ 3 beds ¬∑ 1.5 baths,Kitchen ¬∑ Free parking ¬∑ Wifi,empty,empty,Price:$137,empty,Entire home,Enhanced Clean,Free cancellation until 12:00 PM on Feb 5,House rules,empty,empty,empty,‚Ç¨120 x 7 nightsView price breakdown‚Ç¨840,Special offer: 20% offView price breakdown-‚Ç¨168,empty,Service feeView price breakdown‚Ç¨114,Total‚Ç¨786,empty,empty,empty,empty,empty,empty,,,{}
/rooms/37047084?adults=4&check_in=2021-02-06&check_out=2021-02-13&previous_page_section_name=1000&federated_search_id=2337b112-5fc1-4682-811e-8353fc0f3af7,Apartement Marianne,Entire apartment in Ramsau im Zillertal,4 guests ¬∑ 3 bedrooms ¬∑ 3 beds ¬∑ 2 baths,Kitchen ¬∑ Dishwasher ¬∑ Free parking ¬∑ Wifi,empty,5.0¬†(13),Price:$196,empty,Entire home,Enhanced Clean,Great check-in experience,Free cancellation until Jan 23,House rules,empty,empty,‚Ç¨130 x 7 nightsView price breakdown‚Ç¨910,1% weekly price discountView price breakdown-‚Ç¨11,Cleaning feeView price breakdown‚Ç¨65,Service feeView price breakdown‚Ç¨163,"Total‚Ç¨1,127",5.0,5.0,5.0,4.9,5.0,4.9,Response rate: 100%**__**Response time: within an hour,Û∞Ä•Check-in:  2:00 PM - 8:00 PM**__**Û∞Ä•Checkout: 9:00 AM**__**Û±§ÑNot suitable for infants (under 2 years)**__**Û±§àNo smoking**__**Û±§ÜNo pets**__**Û±§ÇNo parties or events**__**ÛπÄÅCommitted to Airbnb's enhanced cleaning process. Learn more**__**Airbnb's social-distancing and other COVID-19-related guidelines apply**__**Û±†ÜCarbon monoxide alarm not reported Learn more**__**Û±†ÜSmoke alarm not reported Learn more,{}
/rooms/24384131?adults=4&check_in=2021-02-06&check_out=2021-02-13&previous_page_section_name=1000&federated_search_id=2337b112-5fc1-4682-811e-8353fc0f3af7,Die Urige Alm,Entire cabin in Brandberg,6 guests ¬∑ 2 bedrooms ¬∑ 6 beds ¬∑ 1 bath,Hosted by a business ¬∑ Kitchen ¬∑ Self check-in ¬∑ Waterfront,New lower price,4.89¬†(39),Previous price:$176Discounted price:$137,SUPERHOST,Entire home,Enhanced Clean,Self check-in,Free cancellation until 3:00 PM on Feb 5,empty,empty,empty,‚Ç¨109 x 7 nightsView price breakdown‚Ç¨760,30% weekly price discountView price breakdown-‚Ç¨228,Cleaning feeView price breakdown‚Ç¨140,Service feeView price breakdown‚Ç¨114,Total‚Ç¨786,4.8,4.9,4.9,5.0,4.9,4.8,Response rate: 67%**__**Response time: within a few hours,Û∞Ä•Check-in:  Flexible**__**Û∞Ä•Checkout: 6:00 PM**__**Û∞ÑÑSelf check-in with building staff**__**Û±§ÖPets are allowed**__**Û±§áSmoking is allowed**__**Û±†ÅLong term stays (28 days or more) are allowed**__**ÛπÄÅCommitted to Airbnb's enhanced cleaning process. Learn more**__**Airbnb's social-distancing and other COVID-19-related guidelines apply**__**Û±†ÜCarbon monoxide alarm not reported Learn more**__**Û±†ÜSmoke alarm not reported Learn more,"{""amentity_Bathroom"": [""Hot water"", ""Hair dryer"", ""Shampoo""], ""amentity_Bedroom and laundry"": [""Essentials"", ""Hangers"", ""Bed linens"", ""Extra pillows and blankets""], ""amentity_Entertainment"": [""TV"", ""Cable TV"", ""Ethernet connection""], ""amentity_Family"": [""Crib"", ""Window guards"", ""Children\u2019s books and toys"", ""High chair"", ""Changing table"", ""Fireplace guards""], ""amentity_Heating and cooling"": [""Indoor fireplace"", ""Heating""], ""amentity_Home safety"": [""Unavailable: Security cameras on property"", ""First aid kit"", ""Fire extinguisher""], ""amentity_Internet and office"": [""Pocket wifi"", ""Wifi"", ""Dedicated workspace""], ""amentity_Kitchen and dining"": [""Oven"", ""Baking sheet"", ""Kitchen"", ""Coffee maker"", ""Dishes and silverware"", ""Barbecue utensils"", ""Refrigerator"", ""Cooking basics"", ""Stove""], ""amentity_Location features"": [""Private entrance"", ""Lake access"", ""Waterfront""], ""amentity_Outdoor"": [""Patio or balcony"", ""BBQ grill"", ""Garden or backyard""], ""amentity_Parking and facilities"": [""Free street parking"", ""Free parking on premises""], ""amentity_Services"": [""Luggage dropoff allowed"", ""Building staff""], ""amentity_Not included"": [""Unavailable: Carbon monoxide alarm"", ""Unavailable: Washer"", ""Unavailable: Smoke alarm"", ""Unavailable: Air conditioning""]}"
/rooms/39850658?adults=4&check_in=2021-02-06&check_out=2021-02-13&previous_page_section_name=1000&federated_search_id=2337b112-5fc1-4682-811e-8353fc0f3af7,Luxury apartment  Zillertal,Entire apartment in Laimach,6 guests ¬∑ 2 bedrooms ¬∑ 3 beds ¬∑ 1.5 baths,Kitchen ¬∑ Elevator ¬∑ Dryer ¬∑ Free parking,New lower price,5.0¬†(9),Previous price:$277Discounted price:$235,SUPERHOST,Entire home,Enhanced Clean,Vladimir is a Superhost,Free cancellation until Jan 23,House rules,empty,empty,"‚Ç¨193 x 7 nightsView price breakdown‚Ç¨1,350",18% weekly price discountView price breakdown-‚Ç¨243,Cleaning feeView price breakdown‚Ç¨50,Service feeView price breakdown‚Ç¨196,"Total‚Ç¨1,353",4.9,4.9,4.8,4.8,5.0,4.8,Response rate: 100%**__**Response time: within an hour,Û∞Ä•Check-in:  After 3:00 PM**__**Û∞Ä•Checkout: 10:00 AM**__**Û±§àNo smoking**__**Û±§ÜNo pets**__**Û±§ÇNo parties or events**__**Û±†ÅLong term stays (28 days or more) are allowed**__**ÛπÄÅCommitted to Airbnb's enhanced cleaning process. Learn more**__**Airbnb's social-distancing and other COVID-19-related guidelines apply**__**Û±†ÜCarbon monoxide alarm not reported Learn more**__**Û±†ÜSmoke alarm not reported Learn more,{}
/rooms/38102290?adults=4&check_in=2021-02-06&check_out=2021-02-13&previous_page_section_name=1000&federated_search_id=2337b112-5fc1-4682-811e-8353fc0f3af7,Luxurious Apartment in Hippach near Ski Area,Entire apartment in Hippach,4 guests ¬∑ 2 bedrooms ¬∑ 2 beds ¬∑ 1 bath,Hosted by a business ¬∑ Kitchen ¬∑ Dishwasher ¬∑ Wifi,empty,4.33¬†(3),Price:$135,empty,Entire home,Enhanced Clean,Experienced host,Free cancellation until Jan 23,House rules,empty,empty,‚Ç¨101 x 7 nightsView price breakdown‚Ç¨706,Service feeView price breakdown‚Ç¨0,empty,Cleaning feeView price breakdown‚Ç¨70,Total‚Ç¨776,4.7,4.3,5.0,5.0,5.0,4.7,"Languages: Nederlands, English, Fran√ßais, Deutsch**__**Response rate: 100%**__**Response time: within an hour",Û∞Ä•Check-in:  After 3:00 PM**__**Û∞Ä•Checkout: 9:00 AM**__**Û±§àNo smoking**__**Û±§ÜNo pets**__**ÛπÄÅCommitted to Airbnb's enhanced cleaning process. Learn more**__**Airbnb's social-distancing and other COVID-19-related guidelines apply**__**Û±†ÜCarbon monoxide alarm not reported Learn more**__**Û±†ÜSmoke alarm not reported Learn more,"{""amentity_Bedroom and laundry"": [""Hangers""], ""amentity_Entertainment"": [""Cable TV"", ""TV""], ""amentity_Heating and cooling"": [""Heating""], ""amentity_Internet and office"": [""Wifi"", ""Dedicated workspace""], ""amentity_Kitchen and dining"": [""Microwave"", ""Kitchen"", ""Dishwasher"", ""Coffee maker""], ""amentity_Location features"": [""Private entrance""], ""amentity_Parking and facilities"": [""Free street parking""], ""amentity_Services"": [""Long term stays allowed""], ""amentity_Not included"": [""Unavailable: Air conditioning"", ""Unavailable: Essentials"", ""Unavailable: Shampoo"", ""Unavailable: Washer"", ""Unavailable: Hair dryer"", ""Unavailable: Carbon monoxide alarm"", ""Unavailable: Smoke alarm""]}"
/rooms/40996301?adults=4&check_in=2021-02-06&check_out=2021-02-13&previous_page_section_name=1000&federated_search_id=2337b112-5fc1-4682-811e-8353fc0f3af7,Apartment Schlegeis,Entire apartment in Schwaz,4 guests ¬∑ 2 bedrooms ¬∑ 1 bed ¬∑ 1 bath,Kitchen ¬∑ Free parking ¬∑ Wifi,empty,5.0¬†(3),Price:$120,SUPERHOST,Entire home,Enhanced Clean,Fully-equipped kitchen,Free cancellation until 2:00 PM on Feb 5,House rules,empty,empty,‚Ç¨84 x 7 nightsView price breakdown‚Ç¨588,empty,empty,Service feeView price breakdown‚Ç¨100,Total‚Ç¨688,5.0,5.0,5.0,5.0,5.0,5.0,"Languages: English, Deutsch**__**Response rate: 100%**__**Response time: within a day",Û∞Ä•Check-in:  After 2:00 PM**__**Û±§ÜNo pets**__**Û±§ÇNo parties or events**__**Û±§áSmoking is allowed**__**ÛπÄÅCommitted to Airbnb's enhanced cleaning process. Learn more**__**Airbnb's social-distancing and other COVID-19-related guidelines apply**__**Û±†ÜCarbon monoxide alarm not reported Learn more**__**Û±†ÅSmoke alarm,"{""amentity_Bathroom"": [""Hair dryer""], ""amentity_Bedroom and laundry"": [""Essentials"", ""Hangers""], ""amentity_Entertainment"": [""TV""], ""amentity_Heating and cooling"": [""Heating""], ""amentity_Home safety"": [""Unavailable: Security cameras on property"", ""First aid kit"", ""Fire extinguisher"", ""Smoke alarm""], ""amentity_Internet and office"": [""Wifi"", ""Dedicated workspace""], ""amentity_Kitchen and dining"": [""Kitchen""], ""amentity_Location features"": [""Private entrance""], ""amentity_Parking and facilities"": [""Free parking on premises""], ""amentity_Not included"": [""Unavailable: Air conditioning"", ""Unavailable: Shampoo"", ""Unavailable: Washer"", ""Unavailable: Carbon monoxide alarm""]}"
/rooms/36325775?adults=4&check_in=2021-02-06&check_out=2021-02-13&previous_page_section_name=1000&federated_search_id=2337b112-5fc1-4682-811e-8353fc0f3af7,Rosenhof's Zirbenchalet_ Alpbach,Entire chalet in Alpbach,4 guests ¬∑ 2 bedrooms ¬∑ 2 beds ¬∑ 1 bath,Kitchen ¬∑ Indoor fireplace ¬∑ Washer ¬∑ Pets allowed,empty,4.92¬†(12),Price:$189,empty,Entire home,Enhanced Clean,Great check-in experience,Free cancellation until Jan 23,House rules,empty,empty,"‚Ç¨150 x 7 nightsView price breakdown‚Ç¨1,050",Cleaning feeView price breakdown‚Ç¨40,empty,Service feeView price breakdown‚Ç¨0,"Total‚Ç¨1,090",4.8,4.9,5.0,4.9,5.0,4.8,Response rate: 88%**__**Response time: within a few hours,Û∞Ä•Check-in:  After 12:00 PM**__**Û∞Ä•Checkout: 10:00 AM**__**Û±§àNo smoking**__**Û±§ÇNo parties or events**__**Û±§ÖPets are allowed**__**Û±†ÅLong term stays (28 days or more) are allowed**__**ÛπÄÅCommitted to Airbnb's enhanced cleaning process. Learn more**__**Airbnb's social-distancing and other COVID-19-related guidelines apply**__**Û±†ÜCarbon monoxide alarm not reported Learn more**__**Û±†ÅSmoke alarm,{}
/rooms/26155345?adults=4&check_in=2021-02-06&check_out=2021-02-13&previous_page_section_name=1000&federated_search_id=2337b112-5fc1-4682-811e-8353fc0f3af7,Idyllisches Familiendomizil Haus Pusteblume,Entire townhouse in Reith im Alpbachtal,8 guests ¬∑ 3 bedrooms ¬∑ 8 beds ¬∑ 2 baths,Kitchen ¬∑ Self check-in ¬∑ Indoor fireplace ¬∑ Dishwasher,New lower price,5.0¬†(23),Previous price:$251Discounted price:$215,empty,Entire home,Enhanced Clean,Self check-in,Free cancellation until 3:00 PM on Feb 5,House rules,empty,empty,"‚Ç¨160 x 7 nightsView price breakdown‚Ç¨1,120",19% weekly price discountView price breakdown-‚Ç¨213,Cleaning feeView price breakdown‚Ç¨150,Service feeView price breakdown‚Ç¨179,"Total‚Ç¨1,236",5.0,5.0,5.0,5.0,4.9,5.0,Response rate: 100%**__**Response time: within an hour,"Û∞Ä•Check-in:  After 3:00 PM**__**Û∞Ä•Checkout: 11:00 AM**__**Û∞ÑÑSelf check-in with keypad**__**Û±§àNo smoking**__**Û±§ÜNo pets**__**Û±§ÇNo parties or events**__**Û±†ÅLong term stays (28 days or more) are allowed**__**ÛπÄÅCommitted to Airbnb's enhanced cleaning process. Learn more**__**Airbnb's social-distancing and other COVID-19-related guidelines apply**__**Û±†ÉNo carbon monoxide alarm**__**Û±†ÉNearby lake, river, other body of water","{""amentity_Bathroom"": [""Hot water"", ""Hair dryer""], ""amentity_Bedroom and laundry"": [""Dryer"", ""Iron"", ""Washer"", ""Essentials"", ""Hangers""], ""amentity_Entertainment"": [""TV""], ""amentity_Family"": [""Crib"", ""High chair"", ""Pack \u2019n Play/travel crib"", ""Children\u2019s books and toys""], ""amentity_Heating and cooling"": [""Heating"", ""Indoor fireplace""], ""amentity_Home safety"": [""Unavailable: Security cameras on property"", ""Fire extinguisher"", ""Smoke alarm""], ""amentity_Internet and office"": [""Wifi""], ""amentity_Kitchen and dining"": [""Stove"", ""Dishwasher"", ""Oven"", ""Cooking basics"", ""Dishes and silverware"", ""Kitchen"", ""Refrigerator"", ""Coffee maker""], ""amentity_Outdoor"": [""Patio or balcony"", ""BBQ grill""], ""amentity_Parking and facilities"": [""Free parking on premises""], ""amentity_Services"": [""Keypad""], ""amentity_Not included"": [""Unavailable: Carbon monoxide alarm"", ""Unavailable: Air conditioning"", ""Unavailable: Private entrance"", ""Unavailable: Shampoo""]}"
/rooms/46427203?adults=4&check_in=2021-02-06&check_out=2021-02-13&previous_page_section_name=1000&federated_search_id=2337b112-5fc1-4682-811e-8353fc0f3af7,MO's Apartments,Entire apartment in Mayrhofen,5 guests ¬∑ 1 bedroom ¬∑ 5 beds ¬∑ 1 bath,Kitchen ¬∑ Air conditioning ¬∑ Free parking ¬∑ Wifi,empty,empty,Price:$202,empty,Entire home,Enhanced Clean,Wifi,Cancellation policy,House rules,"Non-refundable ¬∑ ‚Ç¨1,165 total","Refundable ¬∑ ‚Ç¨1,287 total",empty,empty,empty,"Total‚Ç¨1,165",empty,empty,empty,empty,empty,empty,empty,Response rate: 70%**__**Response time: within a few hours,Û∞Ä•Check-in:  4:00 PM - 10:00 PM**__**Û±§àNo smoking**__**Û±§ÜNo pets**__**Û±§ÇNo parties or events**__**ÛπÄÅCommitted to Airbnb's enhanced cleaning process. Learn more**__**Airbnb's social-distancing and other COVID-19-related guidelines apply**__**Û±†ÜCarbon monoxide alarm not reported Learn more**__**Û±†ÅSmoke alarm,"{""amentity_Bedroom and laundry"": [""Hangers"", ""Essentials""], ""amentity_Entertainment"": [""TV""], ""amentity_Heating and cooling"": [""Heating"", ""Air conditioning""], ""amentity_Home safety"": [""Unavailable: Security cameras on property"", ""Smoke alarm"", ""Fire extinguisher""], ""amentity_Internet and office"": [""Wifi""], ""amentity_Kitchen and dining"": [""Kitchen""], ""amentity_Location features"": [""Private entrance""], ""amentity_Parking and facilities"": [""Free parking on premises""], ""amentity_Services"": [""Long term stays allowed""], ""amentity_Not included"": [""Unavailable: Washer"", ""Unavailable: Hair dryer"", ""Unavailable: Carbon monoxide alarm"", ""Unavailable: Shampoo""]}"
/rooms/45679386?adults=4&check_in=2021-02-06&check_out=2021-02-13&previous_page_section_name=1000&federated_search_id=2337b112-5fc1-4682-811e-8353fc0f3af7,Appartement N√§he Mayrhofen - HORBERG 3,Entire apartment in Schwendau,6 guests ¬∑ 2 bedrooms ¬∑ 4 beds ¬∑ 1 bath,Kitchen ¬∑ Dishwasher ¬∑ Free parking ¬∑ Wifi,empty,empty,Price:$261,empty,Entire home,Enhanced Clean,Free cancellation until 1:00 PM on Feb 1,House rules,empty,empty,empty,"‚Ç¨211 x 7 nightsView price breakdown‚Ç¨1,480",5% weekly price discountView price breakdown-‚Ç¨74,Cleaning feeView price breakdown‚Ç¨100,Service feeView price breakdown‚Ç¨0,"Total‚Ç¨1,506",empty,empty,empty,empty,empty,empty,,,{}
/rooms/34631413?adults=4&check_in=2021-02-06&check_out=2021-02-13&previous_page_section_name=1000&federated_search_id=dc1571cd-3c33-45da-a602-6dae3a5e2fb2,Villa Anna Zillertal 3,Entire apartment in Zell am Ziller,6 guests ¬∑ 2 bedrooms ¬∑ 4 beds ¬∑ 1.5 baths,Kitchen ¬∑ Pets allowed ¬∑ Wifi,empty,4.86¬†(14),Price:$96,SUPERHOST,Entire home,Enhanced Clean,Anna is a Superhost,Free cancellation until Jan 23,House rules,empty,empty,‚Ç¨62 x 7 nightsView price breakdown‚Ç¨434,Cleaning feeView price breakdown‚Ç¨40,empty,Service feeView price breakdown‚Ç¨80,Total‚Ç¨554,4.9,5.0,5.0,4.6,5.0,4.9,Response rate: 100%**__**Response time: within an hour,Û∞Ä•Check-in:  4:00 PM - 9:00 PM**__**Û∞Ä•Checkout: 10:00 AM**__**Û±§ÑNot suitable for infants (under 2 years)**__**Û±§àNo smoking**__**Û±§ÇNo parties or events**__**Û±§ÖPets are allowed**__**ÛπÄÅCommitted to Airbnb's enhanced cleaning process. Learn more**__**Airbnb's social-distancing and other COVID-19-related guidelines apply**__**Û±†ÜCarbon monoxide alarm not reported Learn more**__**Û±†ÅSmoke alarm,"{""amentity_Bathroom"": [""Hot water""], ""amentity_Bedroom and laundry"": [""Essentials"", ""Extra pillows and blankets"", ""Hangers"", ""Bed linens""], ""amentity_Heating and cooling"": [""Heating""], ""amentity_Home safety"": [""Unavailable: Security cameras on property"", ""Fire extinguisher"", ""Smoke alarm""], ""amentity_Internet and office"": [""Wifi"", ""Dedicated workspace""], ""amentity_Kitchen and dining"": [""Oven"", ""Kitchen"", ""Coffee maker"", ""Dishes and silverware"", ""Refrigerator"", ""Microwave"", ""Cooking basics"", ""Stove""], ""amentity_Location features"": [""Private entrance""], ""amentity_Outdoor"": [""Garden or backyard"", ""Patio or balcony""], ""amentity_Services"": [""Host greets you"", ""Luggage dropoff allowed"", ""Long term stays allowed"", ""Cleaning before checkout""], ""amentity_Not included"": [""Unavailable: TV"", ""Unavailable: Carbon monoxide alarm"", ""Unavailable: Washer"", ""Unavailable: Hair dryer"", ""Unavailable: Shampoo"", ""Unavailable: Air conditioning""]}"
/rooms/45679386?adults=4&check_in=2021-02-06&check_out=2021-02-13&previous_page_section_name=1000&federated_search_id=dc1571cd-3c33-45da-a602-6dae3a5e2fb2,Appartement N√§he Mayrhofen - HORBERG 3,Entire apartment in Schwendau,6 guests ¬∑ 2 bedrooms ¬∑ 4 beds ¬∑ 1 bath,Kitchen ¬∑ Dishwasher ¬∑ Free parking ¬∑ Wifi,empty,empty,Price:$261,empty,Entire home,Enhanced Clean,Free cancellation until 1:00 PM on Feb 1,House rules,empty,empty,empty,"‚Ç¨211 x 7 nightsView price breakdown‚Ç¨1,480",5% weekly price discountView price breakdown-‚Ç¨74,Cleaning feeView price breakdown‚Ç¨100,Service feeView price breakdown‚Ç¨0,"Total‚Ç¨1,506",empty,empty,empty,empty,empty,empty,Response rate: 100%**__**Response time: within an hour,Û∞Ä•Check-in:  1:00 PM - 6:00 PM**__**Û∞Ä•Checkout: 9:00 AM**__**Û±§àNo smoking**__**Û±§ÜNo pets**__**Û±§ÇNo parties or events**__**Û±†ÅLong term stays (28 days or more) are allowed**__**ÛπÄÅCommitted to Airbnb's enhanced cleaning process. Learn more**__**Airbnb's social-distancing and other COVID-19-related guidelines apply**__**Û±†ÜCarbon monoxide alarm not reported Learn more**__**Û±†ÅSmoke alarm,"{""amentity_Bathroom"": [""Hot water"", ""Body soap"", ""Hair dryer"", ""Shampoo""], ""amentity_Bedroom and laundry"": [""Bed linens"", ""Essentials"", ""Hangers""], ""amentity_Entertainment"": [""TV""], ""amentity_Heating and cooling"": [""Heating""], ""amentity_Home safety"": [""Unavailable: Security cameras on property"", ""Fire extinguisher"", ""Smoke alarm""], ""amentity_Internet and office"": [""Wifi""], ""amentity_Kitchen and dining"": [""Stove"", ""Microwave"", ""Nespresso machine"", ""Cooking basics"", ""Dishes and silverware"", ""Kitchen"", ""Refrigerator"", ""Dishwasher""], ""amentity_Outdoor"": [""Patio or balcony""], ""amentity_Parking and facilities"": [""Free parking on premises""], ""amentity_Not included"": [""Unavailable: Washer"", ""Unavailable: Carbon monoxide alarm"", ""Unavailable: Air conditioning"", ""Unavailable: Private entrance""]}"
/rooms/26208282?adults=4&check_in=2021-02-06&check_out=2021-02-13&previous_page_section_name=1000&federated_search_id=dc1571cd-3c33-45da-a602-6dae3a5e2fb2,Secluded Farmhouse in Tyrol near Ski Area,Entire house in Mayrhofen - Schwendau,4 guests ¬∑ 1 bedroom ¬∑ 3 beds ¬∑ 1 bath,Hosted by a business ¬∑ Kitchen ¬∑ Wifi,empty,5.0¬†(4),Price:$207,empty,Entire home,Enhanced Clean,Experienced host,Free cancellation until Jan 23,House rules,empty,empty,"‚Ç¨157 x 7 nightsView price breakdown‚Ç¨1,102",Cleaning feeView price breakdown‚Ç¨90,empty,Service feeView price breakdown‚Ç¨0,"Total‚Ç¨1,192",5.0,4.8,5.0,5.0,5.0,5.0,"Languages: Nederlands, English, Fran√ßais, Deutsch**__**Response rate: 100%**__**Response time: within an hour",Û∞Ä•Check-in:  After 3:00 PM**__**Û∞Ä•Checkout: 10:00 AM**__**Û±§àNo smoking**__**Û±§ÜNo pets**__**ÛπÄÅCommitted to Airbnb's enhanced cleaning process. Learn more**__**Airbnb's social-distancing and other COVID-19-related guidelines apply**__**Û±†ÜCarbon monoxide alarm not reported Learn more**__**Û±†ÜSmoke alarm not reported Learn more,{}
/rooms/26120583?adults=4&check_in=2021-02-06&check_out=2021-02-13&previous_page_section_name=1000&federated_search_id=dc1571cd-3c33-45da-a602-6dae3a5e2fb2,Idyllic Apartment in Hippach with Ski-Storage near Ski Area,Entire apartment in Hippach,5 guests ¬∑ 1 bedroom ¬∑ 3 beds ¬∑ 1 bath,Kitchen ¬∑ Dishwasher ¬∑ Pets allowed ¬∑ Wifi,empty,empty,Price:$118,empty,Entire home,Enhanced Clean,Experienced host,Free cancellation until Jan 23,House rules,empty,empty,‚Ç¨88 x 7 nightsView price breakdown‚Ç¨618,Cleaning feeView price breakdown‚Ç¨60,empty,Service feeView price breakdown‚Ç¨0,Total‚Ç¨678,empty,empty,empty,empty,empty,empty,"Languages: Nederlands, English, Fran√ßais, Deutsch**__**Response rate: 100%**__**Response time: within an hour",Û∞Ä•Check-in:  After 3:00 PM**__**Û∞Ä•Checkout: 10:00 AM**__**Û±§àNo smoking**__**Û±§ÖPets are allowed**__**ÛπÄÅCommitted to Airbnb's enhanced cleaning process. Learn more**__**Airbnb's social-distancing and other COVID-19-related guidelines apply**__**Û±†ÜCarbon monoxide alarm not reported Learn more**__**Û±†ÜSmoke alarm not reported Learn more,"{""amentity_Bedroom and laundry"": [""Hangers"", ""Essentials""], ""amentity_Entertainment"": [""TV"", ""Cable TV""], ""amentity_Heating and cooling"": [""Heating""], ""amentity_Internet and office"": [""Wifi"", ""Dedicated workspace""], ""amentity_Kitchen and dining"": [""Dishwasher"", ""Coffee maker"", ""Oven"", ""Kitchen""], ""amentity_Location features"": [""Private entrance""], ""amentity_Parking and facilities"": [""Free street parking""], ""amentity_Services"": [""Long term stays allowed""], ""amentity_Not included"": [""Unavailable: Shampoo"", ""Unavailable: Air conditioning"", ""Unavailable: Smoke alarm"", ""Unavailable: Hair dryer"", ""Unavailable: Washer"", ""Unavailable: Carbon monoxide alarm""]}"
/rooms/40996301?adults=4&check_in=2021-02-06&check_out=2021-02-13&previous_page_section_name=1000&federated_search_id=dc1571cd-3c33-45da-a602-6dae3a5e2fb2,Apartment Schlegeis,Entire apartment in Schwaz,4 guests ¬∑ 2 bedrooms ¬∑ 1 bed ¬∑ 1 bath,Kitchen ¬∑ Free parking ¬∑ Wifi,empty,5.0¬†(3),Price:$120,SUPERHOST,Entire home,Enhanced Clean,Diane is a Superhost,Free cancellation until 2:00 PM on Feb 5,House rules,empty,empty,‚Ç¨84 x 7 nightsView price breakdown‚Ç¨588,empty,empty,Service feeView price breakdown‚Ç¨100,Total‚Ç¨688,5.0,5.0,5.0,5.0,5.0,5.0,"Languages: English, Deutsch**__**Response rate: 100%**__**Response time: within a day",Û∞Ä•Check-in:  After 2:00 PM**__**Û±§ÜNo pets**__**Û±§ÇNo parties or events**__**Û±§áSmoking is allowed**__**ÛπÄÅCommitted to Airbnb's enhanced cleaning process. Learn more**__**Airbnb's social-distancing and other COVID-19-related guidelines apply**__**Û±†ÜCarbon monoxide alarm not reported Learn more**__**Û±†ÅSmoke alarm,"{""amentity_Bathroom"": [""Hair dryer""], ""amentity_Bedroom and laundry"": [""Essentials"", ""Hangers""], ""amentity_Entertainment"": [""TV""], ""amentity_Heating and cooling"": [""Heating""], ""amentity_Home safety"": [""Unavailable: Security cameras on property"", ""First aid kit"", ""Fire extinguisher"", ""Smoke alarm""], ""amentity_Internet and office"": [""Dedicated workspace"", ""Wifi""], ""amentity_Kitchen and dining"": [""Kitchen""], ""amentity_Location features"": [""Private entrance""], ""amentity_Parking and facilities"": [""Free parking on premises""], ""amentity_Not included"": [""Unavailable: Carbon monoxide alarm"", ""Unavailable: Washer"", ""Unavailable: Shampoo"", ""Unavailable: Air conditioning""]}"
/rooms/38102290?adults=4&check_in=2021-02-06&check_out=2021-02-13&previous_page_section_name=1000&federated_search_id=dc1571cd-3c33-45da-a602-6dae3a5e2fb2,Luxurious Apartment in Hippach near Ski Area,Entire apartment in Hippach,4 guests ¬∑ 2 bedrooms ¬∑ 2 beds ¬∑ 1 bath,Hosted by a business ¬∑ Kitchen ¬∑ Dishwasher ¬∑ Wifi,empty,4.33¬†(3),Price:$135,empty,Entire home,Enhanced Clean,Experienced host,Free cancellation until Jan 23,House rules,empty,empty,‚Ç¨101 x 7 nightsView price breakdown‚Ç¨706,Service feeView price breakdown‚Ç¨0,empty,Cleaning feeView price breakdown‚Ç¨70,Total‚Ç¨776,4.7,4.3,5.0,5.0,5.0,4.7,,,{}
/rooms/36807411?adults=4&check_in=2021-02-06&check_out=2021-02-13&previous_page_section_name=1000&federated_search_id=dc1571cd-3c33-45da-a602-6dae3a5e2fb2,Spacious Apartment in Ramsau im Zillertal near Ski Area,Entire apartment in Mayrhofen-Ramsau,6 guests ¬∑ 2 bedrooms ¬∑ 3 beds ¬∑ 2 baths,Kitchen ¬∑ Dishwasher ¬∑ Wifi,empty,empty,Price:$178,empty,Entire home,Enhanced Clean,Experienced host,Free cancellation until Jan 23,House rules,empty,empty,‚Ç¨138 x 7 nightsView price breakdown‚Ç¨968,Service feeView price breakdown‚Ç¨0,empty,Cleaning feeView price breakdown‚Ç¨60,"Total‚Ç¨1,028",empty,empty,empty,empty,empty,empty,"Languages: Nederlands, English, Fran√ßais, Deutsch**__**Response rate: 100%**__**Response time: within an hour",Û∞Ä•Check-in:  After 3:00 PM**__**Û∞Ä•Checkout: 9:00 AM**__**Û±§àNo smoking**__**Û±§ÜNo pets**__**Û±†ÅLong term stays (28 days or more) are allowed**__**ÛπÄÅCommitted to Airbnb's enhanced cleaning process. Learn more**__**Airbnb's social-distancing and other COVID-19-related guidelines apply**__**Û±†ÜCarbon monoxide alarm not reported Learn more**__**Û±†ÜSmoke alarm not reported Learn more,"{""amentity_Bathroom"": [""Bathtub""], ""amentity_Bedroom and laundry"": [""Essentials"", ""Hangers""], ""amentity_Entertainment"": [""Cable TV"", ""TV""], ""amentity_Heating and cooling"": [""Heating""], ""amentity_Internet and office"": [""Wifi"", ""Dedicated workspace""], ""amentity_Kitchen and dining"": [""Microwave"", ""Dishwasher"", ""Kitchen"", ""Coffee maker"", ""Oven""], ""amentity_Location features"": [""Private entrance""], ""amentity_Parking and facilities"": [""Free street parking""], ""amentity_Not included"": [""Unavailable: Air conditioning"", ""Unavailable: Shampoo"", ""Unavailable: Washer"", ""Unavailable: Hair dryer"", ""Unavailable: Carbon monoxide alarm"", ""Unavailable: Smoke alarm""]}"
/rooms/14217359?adults=4&check_in=2021-02-06&check_out=2021-02-13&previous_page_section_name=1000&federated_search_id=dc1571cd-3c33-45da-a602-6dae3a5e2fb2,Urlaub am Bauernhof Oberhaushof 2-4 Personen !,Entire apartment in Gerlosberg,4 guests ¬∑ 2 bedrooms ¬∑ 2 beds ¬∑ 2 baths,Kitchen ¬∑ Ski-in/Ski-out ¬∑ Pets allowed ¬∑ Free parking,empty,4.89¬†(19),Price:$189,SUPERHOST,Entire home,Enhanced Clean,Fully-equipped kitchen,Free cancellation until Jan 23,House rules,empty,empty,‚Ç¨120 x 7 nightsView price breakdown‚Ç¨840,Cleaning feeView price breakdown‚Ç¨90,empty,Service feeView price breakdown‚Ç¨158,"Total‚Ç¨1,088",5.0,4.9,4.9,4.9,4.9,4.8,Language: Deutsch**__**Response rate: 50%**__**Response time: within a day,Û∞Ä•Check-in:  Flexible**__**Û∞Ä•Checkout: 10:00 AM**__**Û±§àNo smoking**__**Û±§ÇNo parties or events**__**Û±§ÖPets are allowed**__**Û±†ÅLong term stays (28 days or more) are allowed**__**ÛπÄÅCommitted to Airbnb's enhanced cleaning process. Learn more**__**Airbnb's social-distancing and other COVID-19-related guidelines apply**__**Û±†ÜCarbon monoxide alarm not reported Learn more**__**Û±†ÅSmoke alarm,"{""amentity_Bathroom"": [""Hair dryer""], ""amentity_Bedroom and laundry"": [""Essentials"", ""Iron"", ""Hangers""], ""amentity_Entertainment"": [""TV""], ""amentity_Heating and cooling"": [""Heating""], ""amentity_Home safety"": [""Unavailable: Security cameras on property"", ""First aid kit"", ""Fire extinguisher"", ""Smoke alarm""], ""amentity_Internet and office"": [""Wifi""], ""amentity_Kitchen and dining"": [""Microwave"", ""Cooking basics"", ""Dishes and silverware"", ""Kitchen"", ""Refrigerator"", ""Coffee maker""], ""amentity_Location features"": [""Ski-in/Ski-out""], ""amentity_Outdoor"": [""Garden or backyard""], ""amentity_Parking and facilities"": [""Free parking on premises""], ""amentity_Not included"": [""Unavailable: Air conditioning"", ""Unavailable: Private entrance"", ""Unavailable: Shampoo"", ""Unavailable: Washer"", ""Unavailable: Carbon monoxide alarm""]}"
/rooms/13582868?adults=4&check_in=2021-02-06&check_out=2021-02-13&previous_page_section_name=1000&federated_search_id=dc1571cd-3c33-45da-a602-6dae3a5e2fb2,Apartment mit Herz,Entire apartment in Finkenberg,7 guests ¬∑ 4 bedrooms ¬∑ 4 beds ¬∑ 2 baths,Hosted by a business ¬∑ Kitchen ¬∑ Dishwasher ¬∑ Washer,empty,4.70¬†(29),Price:$229,empty,Entire home,Enhanced Clean,Fully-equipped kitchen,Free cancellation until Jan 23,House rules,empty,empty,‚Ç¨140 x 7 nightsView price breakdown‚Ç¨980,Cleaning feeView price breakdown‚Ç¨150,empty,Service feeView price breakdown‚Ç¨191,"Total‚Ç¨1,321",4.9,4.8,5.0,4.4,4.9,4.4,"Languages: English, Deutsch**__**Response rate: 100%**__**Response time: within a few hours",Û∞Ä•Check-in:  3:00 PM - 10:00 PM**__**Û∞Ä•Checkout: 9:00 AM**__**Û±§àNo smoking**__**Û±§ÜNo pets**__**Û±§ÇNo parties or events**__**Û±†ÅLong term stays (28 days or more) are allowed**__**ÛπÄÅCommitted to Airbnb's enhanced cleaning process. Learn more**__**Airbnb's social-distancing and other COVID-19-related guidelines apply**__**Û±†ÜCarbon monoxide alarm not reported Learn more**__**Û±†ÜSmoke alarm not reported Learn more,"{""amentity_Bathroom"": [""Hot water"", ""Hair dryer""], ""amentity_Bedroom and laundry"": [""Washer"", ""Bed linens"", ""Essentials"", ""Hangers""], ""amentity_Entertainment"": [""TV""], ""amentity_Family"": [""Pack \u2019n Play/travel crib""], ""amentity_Heating and cooling"": [""Heating""], ""amentity_Internet and office"": [""Wifi""], ""amentity_Kitchen and dining"": [""Stove"", ""Dishwasher"", ""Oven"", ""Cooking basics"", ""Dishes and silverware"", ""Kitchen"", ""Refrigerator"", ""Coffee maker""], ""amentity_Location features"": [""Private entrance""], ""amentity_Outdoor"": [""Patio or balcony""], ""amentity_Parking and facilities"": [""Free parking on premises"", ""Free street parking""], ""amentity_Not included"": [""Unavailable: Carbon monoxide alarm"", ""Unavailable: Air conditioning"", ""Unavailable: Shampoo"", ""Unavailable: Smoke alarm""]}"
/rooms/39740267?adults=4&check_in=2021-02-06&check_out=2021-02-13&previous_page_section_name=1000&federated_search_id=dc1571cd-3c33-45da-a602-6dae3a5e2fb2,Voguish Apartment in Kaltenbach Zillertalim with Terrace,Entire apartment in Kaltenbach,6 guests ¬∑ 3 bedrooms ¬∑ 3 beds ¬∑ 2 baths,Kitchen ¬∑ Wifi,empty,5.0¬†(6),Price:$203,empty,Entire home,Enhanced Clean,Great location,Free cancellation until Jan 23,House rules,empty,empty,"‚Ç¨153 x 7 nightsView price breakdown‚Ç¨1,071",Cleaning feeView price breakdown‚Ç¨100,empty,Service feeView price breakdown‚Ç¨0,"Total‚Ç¨1,171",5.0,4.7,5.0,5.0,5.0,4.7,"Languages: Nederlands, English, Fran√ßais, Deutsch**__**Response rate: 100%**__**Response time: within an hour",Û∞Ä•Check-in:  After 3:00 PM**__**Û∞Ä•Checkout: 10:00 AM**__**Û±§àNo smoking**__**Û±§ÜNo pets**__**Û±†ÅLong term stays (28 days or more) are allowed**__**ÛπÄÅCommitted to Airbnb's enhanced cleaning process. Learn more**__**Airbnb's social-distancing and other COVID-19-related guidelines apply**__**Û±†ÜCarbon monoxide alarm not reported Learn more**__**Û±†ÜSmoke alarm not reported Learn more,"{""amentity_Bathroom"": [""Bathtub""], ""amentity_Bedroom and laundry"": [""Essentials"", ""Hangers""], ""amentity_Entertainment"": [""Cable TV"", ""TV""], ""amentity_Heating and cooling"": [""Heating""], ""amentity_Internet and office"": [""Wifi"", ""Dedicated workspace""], ""amentity_Kitchen and dining"": [""Kitchen"", ""Coffee maker"", ""Oven""], ""amentity_Location features"": [""Private entrance""], ""amentity_Parking and facilities"": [""Free street parking""], ""amentity_Not included"": [""Unavailable: Air conditioning"", ""Unavailable: Shampoo"", ""Unavailable: Washer"", ""Unavailable: Hair dryer"", ""Unavailable: Carbon monoxide alarm"", ""Unavailable: Smoke alarm""]}"
/rooms/23911924?adults=4&check_in=2021-02-06&check_out=2021-02-13&previous_page_section_name=1000&federated_search_id=dc1571cd-3c33-45da-a602-6dae3a5e2fb2,Gem√ºtliche Ferienwohnung in Mayrhofen,Entire apartment in Mayrhofen,5 guests ¬∑ 2 bedrooms ¬∑ 5 beds ¬∑ 2 baths,Kitchen ¬∑ Dishwasher ¬∑ Washer ¬∑ Dryer,empty,empty,Price:$217,empty,Entire home,Enhanced Clean,Pets allowed,Free cancellation until Jan 23,House rules,empty,empty,‚Ç¨140 x 7 nightsView price breakdown‚Ç¨980,Cleaning feeView price breakdown‚Ç¨90,empty,Service feeView price breakdown‚Ç¨181,"Total‚Ç¨1,251",empty,empty,empty,empty,empty,empty,Response rate: 100%**__**Response time: within a few hours,Û∞Ä•Check-in:  4:00 PM - 2:00 AM**__**Û∞Ä•Checkout: 9:00 AM**__**Û±§àNo smoking**__**Û±§ÇNo parties or events**__**Û±§ÖPets are allowed**__**ÛπÄÅCommitted to Airbnb's enhanced cleaning process. Learn more**__**Airbnb's social-distancing and other COVID-19-related guidelines apply**__**Û±†ÜCarbon monoxide alarm not reported Learn more**__**Û±†ÅSmoke alarm,{}
/rooms/36806452?adults=4&check_in=2021-02-06&check_out=2021-02-13&previous_page_section_name=1000&federated_search_id=dc1571cd-3c33-45da-a602-6dae3a5e2fb2,Welcoming Apartment in Kaltenbach with Sauna,Entire apartment in Kaltenbach Stumm,6 guests ¬∑ 2 bedrooms ¬∑ 3 beds ¬∑ 2 baths,Kitchen ¬∑ Dishwasher ¬∑ Wifi,empty,empty,Price:$186,empty,Entire home,Enhanced Clean,Experienced host,Free cancellation until Jan 23,House rules,empty,empty,‚Ç¨137 x 7 nightsView price breakdown‚Ç¨960,Service feeView price breakdown‚Ç¨0,empty,Cleaning feeView price breakdown‚Ç¨110,"Total‚Ç¨1,070",empty,empty,empty,empty,empty,empty,"Languages: Nederlands, English, Fran√ßais, Deutsch**__**Response rate: 100%**__**Response time: within an hour",Û∞Ä•Check-in:  After 3:00 PM**__**Û∞Ä•Checkout: 9:00 AM**__**Û±§àNo smoking**__**Û±§ÜNo pets**__**Û±†ÅLong term stays (28 days or more) are allowed**__**ÛπÄÅCommitted to Airbnb's enhanced cleaning process. Learn more**__**Airbnb's social-distancing and other COVID-19-related guidelines apply**__**Û±†ÜCarbon monoxide alarm not reported Learn more**__**Û±†ÜSmoke alarm not reported Learn more,{}
/rooms/43942612?adults=4&check_in=2021-02-06&check_out=2021-02-13&previous_page_section_name=1000&federated_search_id=dc1571cd-3c33-45da-a602-6dae3a5e2fb2,Apartment in Kaltenbach   Zillertal 3 Rooms 6-8 üõå,Entire apartment in Kaltenbach,8 guests ¬∑ 3 bedrooms ¬∑ 8 beds ¬∑ 3 baths,Kitchen ¬∑ Breakfast ¬∑ Pets allowed ¬∑ Free parking,empty,4.27¬†(15),Price:$143,empty,Entire home,Enhanced Clean,Great location,Free cancellation until 2:00 PM on Feb 5,House rules,empty,empty,‚Ç¨101 x 7 nightsView price breakdown‚Ç¨707,4% weekly price discountView price breakdown-‚Ç¨25,Cleaning feeView price breakdown‚Ç¨20,Service feeView price breakdown‚Ç¨119,Total‚Ç¨821,4.5,4.8,5.0,4.9,5.0,4.6,"Languages: ÿßŸÑÿπÿ±ÿ®Ÿäÿ©, English, Deutsch, ŒïŒªŒªŒ∑ŒΩŒπŒ∫Œ¨, Italiano, –†—É—Å—Å–∫–∏–π**__**Response rate: 90%**__**Response time: within a few hours","Û∞Ä•Check-in:  2:00 PM - 11:00 PM**__**Û∞Ä•Checkout: 11:00 AM**__**Û±§àNo smoking**__**Û±§ÇNo parties or events**__**Û±§ÖPets are allowed**__**Û±†ÅLong term stays (28 days or more) are allowed**__**ÛπÄÅCommitted to Airbnb's enhanced cleaning process. Learn more**__**Airbnb's social-distancing and other COVID-19-related guidelines apply**__**Û±†ÜCarbon monoxide alarm not reported Learn more**__**Û±†ÉNearby lake, river, other body of water","{""amentity_Basic"": [""TV"", ""Heating"", ""Hot water"", ""Wifi"", ""Iron"", ""Essentials""], ""amentity_Facilities"": [""Free parking on premises"", ""Free street parking""], ""amentity_Dining"": [""Stove"", ""Oven"", ""Cooking basics"", ""Dishes and silverware"", ""Kitchen"", ""Breakfast"", ""Refrigerator"", ""Coffee maker"", ""Baking sheet""], ""amentity_Guest access"": [""Private entrance""], ""amentity_Bed and bath"": [""Hangers""], ""amentity_Outdoor"": [""Patio or balcony"", ""Garden or backyard""], ""amentity_Safety features"": [""Unavailable: Security cameras on property"", ""Fire extinguisher"", ""Smoke alarm""], ""amentity_Not included"": [""Unavailable: Washer"", ""Unavailable: Hair dryer"", ""Unavailable: Carbon monoxide alarm"", ""Unavailable: Air conditioning"", ""Unavailable: Shampoo""]}"
/rooms/3072528?adults=4&check_in=2021-02-06&check_out=2021-02-13&previous_page_section_name=1000&federated_search_id=dc1571cd-3c33-45da-a602-6dae3a5e2fb2,Ferienhaus Chalet Schlossblick****,Entire chalet in Vomp,8 guests ¬∑ 4 bedrooms ¬∑ 8 beds ¬∑ 2 baths,Kitchen ¬∑ Hot tub ¬∑ Indoor fireplace ¬∑ Dishwasher,empty,4.95¬†(20),Price:$257,SUPERHOST,Entire home,Enhanced Clean,Peter is a Superhost,Free cancellation until Jan 23,House rules,empty,empty,"‚Ç¨164 x 7 nightsView price breakdown‚Ç¨1,148",Cleaning feeView price breakdown‚Ç¨120,empty,Service feeView price breakdown‚Ç¨215,"Total‚Ç¨1,483",4.9,4.8,5.0,4.9,5.0,4.8,Language: English**__**Response rate: 100%**__**Response time: within an hour,Û∞Ä•Check-in:  After 3:00 PM**__**Û∞Ä•Checkout: 10:00 AM**__**Û±§àNo smoking**__**Û±§ÜNo pets**__**Û±†ÅLong term stays (28 days or more) are allowed**__**ÛπÄÅCommitted to Airbnb's enhanced cleaning process. Learn more**__**Airbnb's social-distancing and other COVID-19-related guidelines apply**__**Û±†ÜCarbon monoxide alarm not reported Learn more**__**Û±†ÅSmoke alarm,{}
/rooms/43754464?adults=4&check_in=2021-02-06&check_out=2021-02-13&previous_page_section_name=1000&federated_search_id=dc1571cd-3c33-45da-a602-6dae3a5e2fb2,Oldwood Chalet,Entire chalet in F√ºgen,4 guests ¬∑ 2 bedrooms ¬∑ 2 beds ¬∑ 2.5 baths,Kitchen ¬∑ Self check-in ¬∑ Elevator ¬∑ Gym,empty,empty,Previous price:$289Discounted price:$267,empty,Entire home,Enhanced Clean,Self check-in,Cancellation policy,House rules,"Non-refundable ¬∑ ‚Ç¨1,539 total","Refundable ¬∑ ‚Ç¨1,678 total",empty,empty,empty,"Total‚Ç¨1,539",empty,empty,empty,empty,empty,empty,empty,Response rate: 90%**__**Response time: within an hour,Û∞Ä•Check-in:  After 3:00 PM**__**Û∞Ä•Checkout: 10:00 AM**__**Û∞ÑÑSelf check-in with keypad**__**Û±§àNo smoking**__**Û±§ÇNo parties or events**__**Û±§ÖPets are allowed**__**ÛπÄÅCommitted to Airbnb's enhanced cleaning process. Learn more**__**Airbnb's social-distancing and other COVID-19-related guidelines apply**__**Û±†ÅCarbon monoxide alarm**__**Û±†ÅSmoke alarm,"{""amentity_Bathroom"": [""Hot water"", ""Hair dryer""], ""amentity_Bedroom and laundry"": [""Dryer"", ""Essentials"", ""Hangers"", ""Washer""], ""amentity_Entertainment"": [""TV""], ""amentity_Heating and cooling"": [""Indoor fireplace"", ""Heating""], ""amentity_Home safety"": [""Unavailable: Security cameras on property"", ""First aid kit"", ""Fire extinguisher"", ""Carbon monoxide alarm"", ""Smoke alarm""], ""amentity_Internet and office"": [""Wifi"", ""Dedicated workspace""], ""amentity_Kitchen and dining"": [""Cooking basics"", ""Kitchen""], ""amentity_Parking and facilities"": [""Gym"", ""Free parking on premises"", ""Elevator""], ""amentity_Services"": [""Long term stays allowed"", ""Keypad""], ""amentity_Not included"": [""Unavailable: Air conditioning"", ""Unavailable: Private entrance"", ""Unavailable: Shampoo""]}"
/rooms/43732668?adults=4&check_in=2021-02-06&check_out=2021-02-13&previous_page_section_name=1000&federated_search_id=dc1571cd-3c33-45da-a602-6dae3a5e2fb2,Apartment Magic View,Entire apartment in Zimmermoos,5 guests ¬∑ 2 bedrooms ¬∑ 4 beds ¬∑ 2 baths,Kitchen ¬∑ Indoor fireplace ¬∑ Dishwasher ¬∑ Washer,empty,4.89¬†(9),Price:$182,empty,Entire home,Enhanced Clean,Great location,Free cancellation until 3:00 PM on Feb 1,House rules,empty,empty,"‚Ç¨150 x 7 nightsView price breakdown‚Ç¨1,050",empty,empty,Service feeView price breakdown‚Ç¨0,"Total‚Ç¨1,050",5.0,4.9,5.0,5.0,5.0,4.9,"Languages: English, Deutsch**__**Response rate: 100%**__**Response time: within an hour",Û∞Ä•Check-in:  3:00 PM - 9:00 PM**__**Û∞Ä•Checkout: 10:00 AM**__**Û±§àNo smoking**__**Û±§ÜNo pets**__**Û±§ÇNo parties or events**__**ÛπÄÅCommitted to Airbnb's enhanced cleaning process. Learn more**__**Airbnb's social-distancing and other COVID-19-related guidelines apply**__**Û±†ÜCarbon monoxide alarm not reported Learn more**__**Û±†ÅSmoke alarm,"{""amentity_Bathroom"": [""Hot water"", ""Hair dryer""], ""amentity_Bedroom and laundry"": [""Iron"", ""Washer"", ""Room-darkening shades"", ""Essentials"", ""Hangers""], ""amentity_Entertainment"": [""TV""], ""amentity_Family"": [""High chair"", ""Outlet covers"", ""Pack \u2019n Play/travel crib""], ""amentity_Heating and cooling"": [""Heating"", ""Indoor fireplace""], ""amentity_Home safety"": [""Unavailable: Security cameras on property"", ""First aid kit"", ""Fire extinguisher"", ""Smoke alarm""], ""amentity_Internet and office"": [""Wifi""], ""amentity_Kitchen and dining"": [""Stove"", ""Microwave"", ""Oven"", ""Barbecue utensils"", ""Cooking basics"", ""Dishes and silverware"", ""Kitchen"", ""Baking sheet"", ""Refrigerator"", ""Dishwasher"", ""Coffee maker""], ""amentity_Location features"": [""Private entrance""], ""amentity_Outdoor"": [""Patio or balcony"", ""Garden or backyard"", ""BBQ grill""], ""amentity_Parking and facilities"": [""Free parking on premises"", ""Single level home"", ""Free street parking""], ""amentity_Services"": [""Cleaning before checkout"", ""Host greets you"", ""Luggage dropoff allowed""], ""amentity_Not included"": [""Unavailable: Carbon monoxide alarm"", ""Unavailable: Air conditioning"", ""Unavailable: Shampoo""]}"
/rooms/24850761?adults=4&check_in=2021-02-06&check_out=2021-02-13&previous_page_section_name=1000&federated_search_id=dc1571cd-3c33-45da-a602-6dae3a5e2fb2,"Apart EMMA, neuwertiges Ferienhaus in Finkenberg",Entire townhouse in Finkenberg,4 guests ¬∑ 2 bedrooms ¬∑ 2 beds ¬∑ 1.5 baths,Kitchen ¬∑ Indoor fireplace ¬∑ Dishwasher ¬∑ Free parking,empty,4.96¬†(25),Price:$213,SUPERHOST,Entire home,Enhanced Clean,Reinhold is a Superhost,Free cancellation until Jan 23,House rules,empty,empty,‚Ç¨139 x 7 nightsView price breakdown‚Ç¨970,Cleaning feeView price breakdown‚Ç¨80,empty,Service feeView price breakdown‚Ç¨178,"Total‚Ç¨1,228",5.0,4.9,5.0,4.9,5.0,4.8,,Û∞Ä•Check-in:  1:00 PM - 10:00 PM**__**Û∞Ä•Checkout: 9:00 AM**__**Û±§àNo smoking**__**Û±§ÜNo pets**__**Û±§ÇNo parties or events**__**ÛπÄÅCommitted to Airbnb's enhanced cleaning process. Learn more**__**Airbnb's social-distancing and other COVID-19-related guidelines apply**__**Û±†ÜCarbon monoxide alarm not reported Learn more**__**Û±†ÜSmoke alarm not reported Learn more,{}
/rooms/45668488?adults=4&check_in=2021-02-06&check_out=2021-02-13&previous_page_section_name=1000&federated_search_id=dc1571cd-3c33-45da-a602-6dae3a5e2fb2,Appartement N√§he Mayrhofen - HORBERG 1,Entire apartment in Schwendau,6 guests ¬∑ 2 bedrooms ¬∑ 4 beds ¬∑ 1 bath,Kitchen ¬∑ Dishwasher ¬∑ Free parking ¬∑ Wifi,empty,empty,Price:$261,empty,Entire home,Enhanced Clean,Free cancellation until 1:00 PM on Feb 1,House rules,empty,empty,empty,"‚Ç¨211 x 7 nightsView price breakdown‚Ç¨1,480",5% weekly price discountView price breakdown-‚Ç¨74,Cleaning feeView price breakdown‚Ç¨100,Service feeView price breakdown‚Ç¨0,"Total‚Ç¨1,506",empty,empty,empty,empty,empty,empty,Response rate: 100%**__**Response time: within an hour,Û∞Ä•Check-in:  1:00 PM - 6:00 PM**__**Û∞Ä•Checkout: 9:00 AM**__**Û±§àNo smoking**__**Û±§ÜNo pets**__**Û±§ÇNo parties or events**__**Û±†ÅLong term stays (28 days or more) are allowed**__**ÛπÄÅCommitted to Airbnb's enhanced cleaning process. Learn more**__**Airbnb's social-distancing and other COVID-19-related guidelines apply**__**Û±†ÜCarbon monoxide alarm not reported Learn more**__**Û±†ÅSmoke alarm,"{""amentity_Bathroom"": [""Hot water"", ""Hair dryer"", ""Body soap"", ""Shampoo""], ""amentity_Bedroom and laundry"": [""Bed linens"", ""Essentials"", ""Hangers""], ""amentity_Entertainment"": [""TV""], ""amentity_Heating and cooling"": [""Heating""], ""amentity_Home safety"": [""Unavailable: Security cameras on property"", ""Fire extinguisher"", ""Smoke alarm""], ""amentity_Internet and office"": [""Wifi""], ""amentity_Kitchen and dining"": [""Stove"", ""Microwave"", ""Dishwasher"", ""Cooking basics"", ""Dishes and silverware"", ""Kitchen"", ""Refrigerator"", ""Nespresso machine""], ""amentity_Outdoor"": [""Garden or backyard"", ""BBQ grill"", ""Patio or balcony""], ""amentity_Parking and facilities"": [""Free parking on premises""], ""amentity_Not included"": [""Unavailable: Washer"", ""Unavailable: Carbon monoxide alarm"", ""Unavailable: Air conditioning"", ""Unavailable: Private entrance""]}"
/rooms/47167047?adults=4&check_in=2021-02-06&check_out=2021-02-13&previous_page_section_name=1000&federated_search_id=dc1571cd-3c33-45da-a602-6dae3a5e2fb2,Ferienwohnung Evi - Haus Jochler,Entire serviced apartment in Ried im Zillertal,4 guests ¬∑ 2 bedrooms ¬∑ 2 beds ¬∑ 2 baths,Kitchen ¬∑ Free parking ¬∑ Wifi,empty,empty,Price:$151,empty,Entire home,Enhanced Clean,Free cancellation until 12:00 PM on Feb 5,House rules,empty,empty,empty,‚Ç¨120 x 7 nightsView price breakdown‚Ç¨840,Special offer: 20% offView price breakdown-‚Ç¨168,Cleaning feeView price breakdown‚Ç¨70,Service feeView price breakdown‚Ç¨126,Total‚Ç¨868,empty,empty,empty,empty,empty,empty,Response rate: 100%**__**Response time: within an hour,Û∞Ä•Check-in:  12:00 PM - 6:00 PM**__**Û±§àNo smoking**__**Û±§ÜNo pets**__**Û±§ÇNo parties or events**__**Û±†ÅLong term stays (28 days or more) are allowed**__**ÛπÄÅCommitted to Airbnb's enhanced cleaning process. Learn more**__**Airbnb's social-distancing and other COVID-19-related guidelines apply**__**Û±†ÜCarbon monoxide alarm not reported Learn more**__**Û±†ÅSmoke alarm,"{""amentity_Bedroom and laundry"": [""Essentials"", ""Hangers""], ""amentity_Entertainment"": [""TV""], ""amentity_Heating and cooling"": [""Heating""], ""amentity_Home safety"": [""Unavailable: Security cameras on property"", ""First aid kit"", ""Fire extinguisher"", ""Smoke alarm""], ""amentity_Internet and office"": [""Wifi""], ""amentity_Kitchen and dining"": [""Kitchen""], ""amentity_Parking and facilities"": [""Free parking on premises""], ""amentity_Not included"": [""Unavailable: Air conditioning"", ""Unavailable: Private entrance"", ""Unavailable: Shampoo"", ""Unavailable: Washer"", ""Unavailable: Hair dryer"", ""Unavailable: Carbon monoxide alarm""]}"
/rooms/5269085?adults=4&check_in=2021-02-06&check_out=2021-02-13&previous_page_section_name=1000&federated_search_id=dc1571cd-3c33-45da-a602-6dae3a5e2fb2,Spacious and Quiet Home with View,Entire apartment in Ramsau im Zillertal,8 guests ¬∑ 4 bedrooms ¬∑ 5 beds ¬∑ 2 baths,Kitchen ¬∑ Dishwasher ¬∑ Free parking ¬∑ Wifi,empty,5.0¬†(15),Price:$270,empty,Entire home,Enhanced Clean,Fully-equipped kitchen,Free cancellation until Jan 23,House rules,empty,empty,"‚Ç¨180 x 7 nightsView price breakdown‚Ç¨1,260",Cleaning feeView price breakdown‚Ç¨70,empty,Service feeView price breakdown‚Ç¨225,"Total‚Ç¨1,555",5.0,4.9,5.0,4.8,5.0,4.9,"Languages: English, Deutsch, Italiano, Espa√±ol**__**Response rate: 100%**__**Response time: within an hour",Û∞Ä•Check-in:  After 2:00 PM**__**Û∞Ä•Checkout: 9:00 AM**__**Û±§àNo smoking**__**Û±§ÜNo pets**__**Û±§ÇNo parties or events**__**ÛπÄÅCommitted to Airbnb's enhanced cleaning process. Learn more**__**Airbnb's social-distancing and other COVID-19-related guidelines apply**__**Û±†ÜCarbon monoxide alarm not reported Learn more**__**Û±†ÜSmoke alarm not reported Learn more,"{""amentity_Bathroom"": [""Hot water"", ""Hair dryer""], ""amentity_Bedroom and laundry"": [""Essentials"", ""Hangers""], ""amentity_Entertainment"": [""Cable TV"", ""TV""], ""amentity_Family"": [""Crib"", ""Children\u2019s books and toys"", ""High chair""], ""amentity_Heating and cooling"": [""Heating""], ""amentity_Home safety"": [""Unavailable: Security cameras on property"", ""Fire extinguisher""], ""amentity_Internet and office"": [""Wifi""], ""amentity_Kitchen and dining"": [""Stove"", ""Microwave"", ""Oven"", ""Cooking basics"", ""Dishes and silverware"", ""Kitchen"", ""Refrigerator"", ""Dishwasher"", ""Coffee maker""], ""amentity_Outdoor"": [""Garden or backyard"", ""Patio or balcony""], ""amentity_Parking and facilities"": [""Free parking on premises""], ""amentity_Services"": [""Host greets you""], ""amentity_Not included"": [""Unavailable: Washer"", ""Unavailable: Carbon monoxide alarm"", ""Unavailable: Air conditioning"", ""Unavailable: Private entrance"", ""Unavailable: Shampoo"", ""Unavailable: Smoke alarm""]}"
/rooms/45679166?adults=4&check_in=2021-02-06&check_out=2021-02-13&previous_page_section_name=1000&federated_search_id=a5597a67-ccf0-47c0-8dbc-040e73310d45,Appartement N√§he Mayrhofen - HORBERG 2,Entire apartment in Schwendau,8 guests ¬∑ 3 bedrooms ¬∑ 6 beds ¬∑ 1 bath,Wifi ¬∑ Kitchen ¬∑ Free parking ¬∑ Dishwasher,empty,empty,empty,empty,Entire home,Enhanced Clean,Free cancellation until 1:00 PM on Feb 1,House rules,empty,empty,empty,"‚Ç¨244 x 7 nightsView price breakdown‚Ç¨1,710",5% weekly price discountView price breakdown-‚Ç¨86,Cleaning feeView price breakdown‚Ç¨100,Service feeView price breakdown‚Ç¨0,"Total‚Ç¨1,724",empty,empty,empty,empty,empty,empty,Response rate: 100%**__**Response time: within an hour,Û∞Ä•Check-in:  1:00 PM - 6:00 PM**__**Û∞Ä•Checkout: 9:00 AM**__**Û±§àNo smoking**__**Û±§ÜNo pets**__**Û±§ÇNo parties or events**__**Û±†ÅLong term stays (28 days or more) are allowed**__**ÛπÄÅCommitted to Airbnb's enhanced cleaning process. Learn more**__**Airbnb's social-distancing and other COVID-19-related guidelines apply**__**Û±†ÜCarbon monoxide alarm not reported Learn more**__**Û±†ÅSmoke alarm,"{""amentity_Bathroom"": [""Shampoo"", ""Body soap""], ""amentity_Bedroom and laundry"": [""Essentials""], ""amentity_Entertainment"": [""TV""], ""amentity_Heating and cooling"": [""Heating""], ""amentity_Home safety"": [""Unavailable: Security cameras on property"", ""Fire extinguisher"", ""Smoke alarm""], ""amentity_Internet and office"": [""Wifi""], ""amentity_Kitchen and dining"": [""Stove"", ""Microwave"", ""Dishes and silverware"", ""Kitchen"", ""Refrigerator"", ""Dishwasher"", ""Nespresso machine""], ""amentity_Outdoor"": [""Patio or balcony""], ""amentity_Parking and facilities"": [""Free parking on premises""], ""amentity_Not included"": [""Unavailable: Air conditioning"", ""Unavailable: Private entrance"", ""Unavailable: Washer"", ""Unavailable: Hair dryer"", ""Unavailable: Carbon monoxide alarm""]}"
/rooms/47167047?adults=4&check_in=2021-02-06&check_out=2021-02-13&previous_page_section_name=1000&federated_search_id=a5597a67-ccf0-47c0-8dbc-040e73310d45,Ferienwohnung Evi - Haus Jochler,Entire serviced apartment in Ried im Zillertal,4 guests ¬∑ 2 bedrooms ¬∑ 2 beds ¬∑ 2 baths,Wifi ¬∑ Kitchen ¬∑ Free parking,empty,empty,empty,empty,Entire home,Enhanced Clean,Free cancellation until 12:00 PM on Feb 5,House rules,empty,empty,empty,‚Ç¨120 x 7 nightsView price breakdown‚Ç¨840,Special offer: 20% offView price breakdown-‚Ç¨168,Cleaning feeView price breakdown‚Ç¨70,Service feeView price breakdown‚Ç¨126,Total‚Ç¨868,empty,empty,empty,empty,empty,empty,Response rate: 100%**__**Response time: within an hour,Û∞Ä•Check-in:  12:00 PM - 6:00 PM**__**Û±§àNo smoking**__**Û±§ÜNo pets**__**Û±§ÇNo parties or events**__**ÛπÄÅCommitted to Airbnb's enhanced cleaning process. Learn more**__**Airbnb's social-distancing and other COVID-19-related guidelines apply**__**Û±†ÜCarbon monoxide alarm not reported Learn more**__**Û±†ÅSmoke alarm,"{""amentity_Bedroom and laundry"": [""Essentials"", ""Hangers""], ""amentity_Entertainment"": [""TV""], ""amentity_Heating and cooling"": [""Heating""], ""amentity_Home safety"": [""Unavailable: Security cameras on property"", ""First aid kit"", ""Fire extinguisher"", ""Smoke alarm""], ""amentity_Internet and office"": [""Wifi""], ""amentity_Kitchen and dining"": [""Kitchen""], ""amentity_Parking and facilities"": [""Free parking on premises""], ""amentity_Services"": [""Long term stays allowed""], ""amentity_Not included"": [""Unavailable: Air conditioning"", ""Unavailable: Private entrance"", ""Unavailable: Shampoo"", ""Unavailable: Washer"", ""Unavailable: Hair dryer"", ""Unavailable: Carbon monoxide alarm""]}"
/rooms/46423719?adults=4&check_in=2021-02-06&check_out=2021-02-13&previous_page_section_name=1000&federated_search_id=a5597a67-ccf0-47c0-8dbc-040e73310d45,MO's Apartments,Entire apartment in Mayrhofen,4 guests ¬∑ 1 bedroom ¬∑ 4 beds ¬∑ 1 bath,Wifi ¬∑ Air conditioning ¬∑ Kitchen ¬∑ Free parking,empty,empty,empty,empty,Entire home,Enhanced Clean,Wifi,Cancellation policy,House rules,"Non-refundable ¬∑ ‚Ç¨1,574 total","Refundable ¬∑ ‚Ç¨1,742 total",empty,empty,empty,"Total‚Ç¨1,574",empty,empty,empty,empty,empty,empty,empty,Response rate: 70%**__**Response time: within a few hours,Û∞Ä•Check-in:  4:00 PM - 10:00 PM**__**Û±§àNo smoking**__**Û±§ÜNo pets**__**Û±§ÇNo parties or events**__**Û±†ÅLong term stays (28 days or more) are allowed**__**ÛπÄÅCommitted to Airbnb's enhanced cleaning process. Learn more**__**Airbnb's social-distancing and other COVID-19-related guidelines apply**__**Û±†ÜCarbon monoxide alarm not reported Learn more**__**Û±†ÅSmoke alarm,"{""amentity_Basic"": [""TV"", ""Heating"", ""Air conditioning"", ""Wifi"", ""Essentials""], ""amentity_Facilities"": [""Free parking on premises""], ""amentity_Dining"": [""Kitchen""], ""amentity_Guest access"": [""Private entrance""], ""amentity_Bed and bath"": [""Hangers""], ""amentity_Safety features"": [""Unavailable: Security cameras on property"", ""Fire extinguisher"", ""Smoke alarm""], ""amentity_Not included"": [""Unavailable: Shampoo"", ""Unavailable: Washer"", ""Unavailable: Hair dryer"", ""Unavailable: Carbon monoxide alarm""]}"
/rooms/30088463?adults=4&check_in=2021-02-06&check_out=2021-02-13&previous_page_section_name=1000&federated_search_id=a5597a67-ccf0-47c0-8dbc-040e73310d45,Appart Hanna,Entire apartment in Hainzenberg,4 guests ¬∑ 1 bedroom ¬∑ 2 beds ¬∑ 1 bath,Wifi ¬∑ Kitchen ¬∑ Free parking ¬∑ Pets allowed,empty,4.97¬†(157),empty,SUPERHOST,Entire home,Enhanced Clean,Fully-equipped kitchen,Free cancellation until 1:00 PM on Feb 1,House rules,empty,empty,"‚Ç¨150 x 7 nightsView price breakdown‚Ç¨1,050",empty,empty,Service feeView price breakdown‚Ç¨178,"Total‚Ç¨1,228",4.9,5.0,5.0,4.9,5.0,4.9,Response rate: 75%**__**Response time: within a few hours,Û∞Ä•Check-in:  After 1:00 PM**__**Û∞Ä•Checkout: 10:00 AM**__**Û∞ÑÑSelf check-in with keypad**__**Û±§àNo smoking**__**Û±§ÇNo parties or events**__**Û±§ÖPets are allowed**__**ÛπÄÅCommitted to Airbnb's enhanced cleaning process. Learn more**__**Airbnb's social-distancing and other COVID-19-related guidelines apply**__**Û±†ÉNo carbon monoxide alarm**__**Û±†ÉNo smoke alarm,"{""amentity_Basic"": [""TV"", ""Heating"", ""Hot water"", ""Wifi"", ""Iron"", ""Washer"", ""Essentials""], ""amentity_Family features"": [""High chair"", ""Children\u2019s books and toys"", ""Bathtub"", ""Pack \u2019n Play/travel crib""], ""amentity_Facilities"": [""Free parking on premises""], ""amentity_Dining"": [""Stove"", ""Microwave"", ""Dishwasher"", ""Cooking basics"", ""Dishes and silverware"", ""Kitchen"", ""Refrigerator"", ""Coffee maker""], ""amentity_Guest access"": [""Keypad""], ""amentity_Logistics"": [""Long term stays allowed"", ""Luggage dropoff allowed""], ""amentity_Bed and bath"": [""Bed linens"", ""Hair dryer"", ""Hangers""], ""amentity_Outdoor"": [""Patio or balcony""], ""amentity_Safety features"": [""Unavailable: Security cameras on property"", ""Fire extinguisher""], ""amentity_Not included"": [""Unavailable: Carbon monoxide alarm"", ""Unavailable: Air conditioning"", ""Unavailable: Private entrance"", ""Unavailable: Shampoo"", ""Unavailable: Smoke alarm""]}"
/rooms/14800146?adults=4&check_in=2021-02-06&check_out=2021-02-13&previous_page_section_name=1000&federated_search_id=a5597a67-ccf0-47c0-8dbc-040e73310d45,Uriges Bauernhaus - N√§he Schigebiet,Entire house in Gerlosberg,10 guests ¬∑ 3 bedrooms ¬∑ 9 beds ¬∑ 2.5 baths,Wifi ¬∑ Kitchen ¬∑ Free parking ¬∑ Pets allowed,empty,4.97¬†(76),empty,SUPERHOST,Entire home,Enhanced Clean,Claudia is a Superhost,Free cancellation until Jan 23,House rules,empty,empty,"‚Ç¨276 x 7 nightsView price breakdown‚Ç¨1,932",Cleaning feeView price breakdown‚Ç¨75,empty,Service feeView price breakdown‚Ç¨0,"Total‚Ç¨2,007",5.0,5.0,5.0,4.9,5.0,4.8,,Û∞Ä•Checkout: 10:00 AM**__**Û±§àNo smoking**__**Û±§ÇNo parties or events**__**Û±§ÖPets are allowed**__**Û±†ÅLong term stays (28 days or more) are allowed**__**ÛπÄÅCommitted to Airbnb's enhanced cleaning process. Learn more**__**Airbnb's social-distancing and other COVID-19-related guidelines apply**__**Û±†ÜCarbon monoxide alarm not reported Learn more**__**Û±†ÜSmoke alarm not reported Learn more,"{""amentity_Bathroom"": [""Hot water"", ""Hair dryer""], ""amentity_Bedroom and laundry"": [""Bed linens"", ""Essentials"", ""Extra pillows and blankets"", ""Hangers""], ""amentity_Entertainment"": [""TV""], ""amentity_Family"": [""Baby bath"", ""Pack \u2019n Play/travel crib"", ""Crib"", ""High chair""], ""amentity_Heating and cooling"": [""Heating""], ""amentity_Internet and office"": [""Wifi""], ""amentity_Kitchen and dining"": [""Stove"", ""Dishwasher"", ""Oven"", ""Cooking basics"", ""Dishes and silverware"", ""Kitchen"", ""Refrigerator"", ""Coffee maker""], ""amentity_Location features"": [""Ski-in/Ski-out""], ""amentity_Outdoor"": [""Patio or balcony"", ""BBQ grill"", ""Garden or backyard""], ""amentity_Parking and facilities"": [""Free street parking"", ""Free parking on premises""], ""amentity_Services"": [""Host greets you""], ""amentity_Not included"": [""Unavailable: Washer"", ""Unavailable: Carbon monoxide alarm"", ""Unavailable: Air conditioning"", ""Unavailable: Private entrance"", ""Unavailable: Shampoo"", ""Unavailable: Smoke alarm""]}"
/rooms/36805547?adults=4&check_in=2021-02-06&check_out=2021-02-13&previous_page_section_name=1000&federated_search_id=a5597a67-ccf0-47c0-8dbc-040e73310d45,Stunning Apartment in Ried im Zillertal with Terrace,Entire apartment in Ried im Zillertal,5 guests ¬∑ 2 bedrooms ¬∑ 4 beds ¬∑ 1 bath,Hosted by a business ¬∑ Kitchen ¬∑ Dishwasher,empty,empty,empty,empty,Entire home,Enhanced Clean,Experienced host,Free cancellation until Jan 23,House rules,empty,empty,‚Ç¨122 x 7 nightsView price breakdown‚Ç¨851,Service feeView price breakdown‚Ç¨0,empty,Cleaning feeView price breakdown‚Ç¨50,Total‚Ç¨901,empty,empty,empty,empty,empty,empty,"Languages: Nederlands, English, Fran√ßais, Deutsch**__**Response rate: 100%**__**Response time: within an hour",Û∞Ä•Check-in:  After 3:00 PM**__**Û∞Ä•Checkout: 10:00 AM**__**Û±§àNo smoking**__**Û±§ÜNo pets**__**ÛπÄÅCommitted to Airbnb's enhanced cleaning process. Learn more**__**Airbnb's social-distancing and other COVID-19-related guidelines apply**__**Û±†ÜCarbon monoxide alarm not reported Learn more**__**Û±†ÜSmoke alarm not reported Learn more,{}
/rooms/23911924?adults=4&check_in=2021-02-06&check_out=2021-02-13&previous_page_section_name=1000&federated_search_id=a5597a67-ccf0-47c0-8dbc-040e73310d45,Gem√ºtliche Ferienwohnung in Mayrhofen,Entire apartment in Mayrhofen,5 guests ¬∑ 2 bedrooms ¬∑ 5 beds ¬∑ 2 baths,Wifi ¬∑ Kitchen ¬∑ Free parking ¬∑ Pets allowed,empty,empty,empty,empty,Entire home,Enhanced Clean,Pets allowed,Free cancellation until Jan 23,House rules,empty,empty,‚Ç¨140 x 7 nightsView price breakdown‚Ç¨980,Cleaning feeView price breakdown‚Ç¨90,empty,Service feeView price breakdown‚Ç¨181,"Total‚Ç¨1,251",empty,empty,empty,empty,empty,empty,Response rate: 100%**__**Response time: within a few hours,Û∞Ä•Check-in:  4:00 PM - 2:00 AM**__**Û∞Ä•Checkout: 9:00 AM**__**Û±§àNo smoking**__**Û±§ÇNo parties or events**__**Û±§ÖPets are allowed**__**ÛπÄÅCommitted to Airbnb's enhanced cleaning process. Learn more**__**Airbnb's social-distancing and other COVID-19-related guidelines apply**__**Û±†ÜCarbon monoxide alarm not reported Learn more**__**Û±†ÅSmoke alarm,"{""amentity_Bathroom"": [""Hair dryer""], ""amentity_Bedroom and laundry"": [""Dryer"", ""Washer"", ""Bed linens"", ""Essentials"", ""Hangers""], ""amentity_Entertainment"": [""Cable TV"", ""Game console"", ""TV""], ""amentity_Family"": [""High chair"", ""Crib""], ""amentity_Heating and cooling"": [""Heating""], ""amentity_Home safety"": [""Unavailable: Security cameras on property"", ""First aid kit"", ""Smoke alarm""], ""amentity_Internet and office"": [""Wifi"", ""Dedicated workspace""], ""amentity_Kitchen and dining"": [""Dishwasher"", ""Stove"", ""Microwave"", ""Cooking basics"", ""Dishes and silverware"", ""Kitchen"", ""Refrigerator"", ""Coffee maker""], ""amentity_Location features"": [""Private entrance""], ""amentity_Outdoor"": [""Patio or balcony"", ""Garden or backyard""], ""amentity_Parking and facilities"": [""Free parking on premises""], ""amentity_Services"": [""Host greets you"", ""Luggage dropoff allowed""], ""amentity_Not included"": [""Unavailable: Carbon monoxide alarm"", ""Unavailable: Air conditioning"", ""Unavailable: Shampoo""]}"
/rooms/46522770?adults=4&check_in=2021-02-06&check_out=2021-02-13&previous_page_section_name=1000&federated_search_id=a5597a67-ccf0-47c0-8dbc-040e73310d45,Apartment 3 Villa Daringer (5 pax),Entire apartment in Mayrhofen,5 guests ¬∑ 2 bedrooms ¬∑ 5 beds ¬∑ 1 bath,Wifi ¬∑ Free parking,empty,empty,empty,empty,Entire home,Enhanced Clean,Free cancellation until 3:00 PM on Feb 5,House rules,empty,empty,empty,"‚Ç¨240 x 7 nightsView price breakdown‚Ç¨1,680",Service feeView price breakdown‚Ç¨0,empty,Occupancy taxes and feesView price breakdown‚Ç¨62,"Total‚Ç¨1,742",empty,empty,empty,empty,empty,empty,Response rate: 70%**__**Response time: within a few hours,Û∞Ä•Check-in:  After 3:00 PM**__**Û±§àNo smoking**__**Û±§ÜNo pets**__**Û±§ÇNo parties or events**__**Û±†ÅLong term stays (28 days or more) are allowed**__**ÛπÄÅCommitted to Airbnb's enhanced cleaning process. Learn more**__**Airbnb's social-distancing and other COVID-19-related guidelines apply**__**Û±†ÜCarbon monoxide alarm not reported Learn more**__**Û±†ÅSmoke alarm,"{""amentity_Bathroom"": [""Hair dryer""], ""amentity_Bedroom and laundry"": [""Essentials"", ""Hangers""], ""amentity_Entertainment"": [""TV""], ""amentity_Heating and cooling"": [""Heating""], ""amentity_Home safety"": [""Unavailable: Security cameras on property"", ""Fire extinguisher"", ""Smoke alarm""], ""amentity_Internet and office"": [""Wifi""], ""amentity_Location features"": [""Private entrance""], ""amentity_Parking and facilities"": [""Free parking on premises""], ""amentity_Not included"": [""Unavailable: Air conditioning"", ""Unavailable: Kitchen"", ""Unavailable: Shampoo"", ""Unavailable: Washer"", ""Unavailable: Carbon monoxide alarm""]}"
/rooms/44587749?adults=4&check_in=2021-02-06&check_out=2021-02-13&previous_page_section_name=1000&federated_search_id=a5597a67-ccf0-47c0-8dbc-040e73310d45,Luxury Chalet with Garden in Tyrol,Entire chalet in Ramsau im Zillertal,10 guests ¬∑ 4 bedrooms ¬∑ 7 beds ¬∑ 2 baths,Wifi ¬∑ Kitchen ¬∑ Pets allowed ¬∑ Dishwasher,empty,empty,empty,empty,Entire home,Enhanced Clean,Experienced host,Free cancellation until Jan 23,House rules,empty,empty,"‚Ç¨475 x 7 nightsView price breakdown‚Ç¨3,323",empty,empty,Service feeView price breakdown‚Ç¨0,"Total‚Ç¨3,323",empty,empty,empty,empty,empty,empty,"Languages: Nederlands, English, Fran√ßais, Deutsch**__**Response rate: 100%**__**Response time: within an hour",Û∞Ä•Check-in:  After 3:00 PM**__**Û∞Ä•Checkout: 9:00 AM**__**Û±§àNo smoking**__**Û±§ÖPets are allowed**__**Û±†ÅLong term stays (28 days or more) are allowed**__**ÛπÄÅCommitted to Airbnb's enhanced cleaning process. Learn more**__**Airbnb's social-distancing and other COVID-19-related guidelines apply**__**Û±†ÜCarbon monoxide alarm not reported Learn more**__**Û±†ÜSmoke alarm not reported Learn more,"{""amentity_Bathroom"": [""Bathtub""], ""amentity_Bedroom and laundry"": [""Hangers""], ""amentity_Entertainment"": [""TV"", ""Cable TV""], ""amentity_Heating and cooling"": [""Heating""], ""amentity_Internet and office"": [""Dedicated workspace"", ""Wifi""], ""amentity_Kitchen and dining"": [""Oven"", ""Microwave"", ""Kitchen"", ""Dishwasher""], ""amentity_Location features"": [""Private entrance""], ""amentity_Parking and facilities"": [""Free street parking""], ""amentity_Not included"": [""Unavailable: Carbon monoxide alarm"", ""Unavailable: Washer"", ""Unavailable: Essentials"", ""Unavailable: Hair dryer"", ""Unavailable: Shampoo"", ""Unavailable: Smoke alarm"", ""Unavailable: Air conditioning""]}"
/rooms/14623508?adults=4&check_in=2021-02-06&check_out=2021-02-13&previous_page_section_name=1000&federated_search_id=a5597a67-ccf0-47c0-8dbc-040e73310d45,Tiroler Bauernhaus mit Panoramablick,Entire house in Reith im Alpbachtal,6 guests ¬∑ 3 bedrooms ¬∑ 3 beds ¬∑ 3.5 baths,Wifi ¬∑ Kitchen ¬∑ Free parking ¬∑ Pets allowed,empty,4.95¬†(116),empty,SUPERHOST,Entire home,Enhanced Clean,Fully-equipped kitchen,Free cancellation until 3:00 PM on Feb 1,empty,empty,empty,‚Ç¨140 x 7 nightsView price breakdown‚Ç¨980,Cleaning feeView price breakdown‚Ç¨50,empty,Service feeView price breakdown‚Ç¨174,"Total‚Ç¨1,204",5.0,4.9,5.0,4.9,5.0,4.8,"Languages: English, Deutsch, Italiano**__**Response rate: 100%**__**Response time: within a few hours",Û∞Ä•Check-in:  3:00 PM - 9:00 PM**__**Û∞Ä•Checkout: 10:00 AM**__**Û∞ÑÑSelf check-in with building staff**__**Û±§ÖPets are allowed**__**Û±§áSmoking is allowed**__**ÛπÄÅCommitted to Airbnb's enhanced cleaning process. Learn more**__**Airbnb's social-distancing and other COVID-19-related guidelines apply**__**Û±†ÉNo carbon monoxide alarm**__**Û±†ÅSmoke alarm,"{""amentity_Bathroom"": [""Hot water"", ""Hair dryer""], ""amentity_Bedroom and laundry"": [""Dryer"", ""Iron"", ""Washer"", ""Bed linens"", ""Extra pillows and blankets"", ""Essentials"", ""Hangers""], ""amentity_Entertainment"": [""TV""], ""amentity_Family"": [""Crib"", ""Pack \u2019n Play/travel crib"", ""High chair"", ""Baby safety gates"", ""Children\u2019s books and toys""], ""amentity_Heating and cooling"": [""Heating""], ""amentity_Home safety"": [""Unavailable: Security cameras on property"", ""First aid kit"", ""Fire extinguisher"", ""Smoke alarm""], ""amentity_Internet and office"": [""Wifi"", ""Dedicated workspace""], ""amentity_Kitchen and dining"": [""Stove"", ""Microwave"", ""Dishwasher"", ""Baking sheet"", ""Oven"", ""Cooking basics"", ""Dishes and silverware"", ""Kitchen"", ""Refrigerator"", ""Coffee maker""], ""amentity_Location features"": [""Private entrance""], ""amentity_Outdoor"": [""Patio or balcony"", ""Garden or backyard"", ""BBQ grill""], ""amentity_Parking and facilities"": [""Free parking on premises""], ""amentity_Services"": [""Long term stays allowed"", ""Luggage dropoff allowed"", ""Building staff""], ""amentity_Not included"": [""Unavailable: Carbon monoxide alarm"", ""Unavailable: Air conditioning"", ""Unavailable: Shampoo""]}"
/rooms/31179209?adults=4&check_in=2021-02-06&check_out=2021-02-13&previous_page_section_name=1000&federated_search_id=a5597a67-ccf0-47c0-8dbc-040e73310d45,Ferienwohnung Rabennest,Entire apartment in M√ºnster,4 guests ¬∑ 1 bedroom ¬∑ 2 beds ¬∑ 1 bath,Wifi ¬∑ Kitchen ¬∑ Free parking ¬∑ Washer,Rare find,4.98¬†(44),empty,SUPERHOST,Entire home,Enhanced Clean,Fully-equipped kitchen,Free cancellation until 2:00 PM on Feb 5,House rules,empty,empty,‚Ç¨102 x 7 nightsView price breakdown‚Ç¨714,3% weekly price discountView price breakdown-‚Ç¨21,Cleaning feeView price breakdown‚Ç¨40,Service feeView price breakdown‚Ç¨124,Total‚Ç¨857,5.0,5.0,5.0,4.9,5.0,4.9,"Languages: English, Deutsch**__**Response rate: 100%**__**Response time: within an hour",Û∞Ä•Check-in:  After 2:00 PM**__**Û∞Ä•Checkout: 12:00 PM**__**Û±§ÑNot suitable for infants (under 2 years)**__**Û±§àNo smoking**__**Û±§ÜNo pets**__**Û±§ÇNo parties or events**__**ÛπÄÅCommitted to Airbnb's enhanced cleaning process. Learn more**__**Airbnb's social-distancing and other COVID-19-related guidelines apply**__**Û±†ÉNo carbon monoxide alarm**__**Û±†ÉNo smoke alarm,"{""amentity_Bathroom"": [""Hair dryer"", ""Hot water"", ""Shower gel""], ""amentity_Bedroom and laundry"": [""Washer"", ""Essentials"", ""Bed linens"", ""Extra pillows and blankets"", ""Hangers""], ""amentity_Entertainment"": [""TV""], ""amentity_Family"": [""Children\u2019s books and toys""], ""amentity_Heating and cooling"": [""Heating""], ""amentity_Home safety"": [""Unavailable: Security cameras on property"", ""First aid kit"", ""Fire extinguisher""], ""amentity_Internet and office"": [""Wifi"", ""Dedicated workspace""], ""amentity_Kitchen and dining"": [""Kitchen"", ""Stove"", ""Oven"", ""Dishwasher"", ""Cooking basics"", ""Dishes and silverware"", ""Refrigerator"", ""Coffee maker""], ""amentity_Location features"": [""Private entrance""], ""amentity_Outdoor"": [""Patio or balcony""], ""amentity_Parking and facilities"": [""Free parking on premises""], ""amentity_Services"": [""Host greets you"", ""Luggage dropoff allowed""], ""amentity_Not included"": [""Unavailable: Air conditioning"", ""Unavailable: Carbon monoxide alarm"", ""Unavailable: Shampoo"", ""Unavailable: Smoke alarm""]}"
/rooms/44609202?adults=4&check_in=2021-02-06&check_out=2021-02-13&previous_page_section_name=1000&federated_search_id=a5597a67-ccf0-47c0-8dbc-040e73310d45,Modern Apartment in Ramsau im Zillertal with Terrace,Entire apartment in Ramsau im Zillertal,6 guests ¬∑ 2 bedrooms ¬∑ 4 beds ¬∑ 1 bath,Wifi ¬∑ Kitchen ¬∑ Dishwasher,empty,empty,empty,empty,Entire home,Enhanced Clean,Experienced host,Free cancellation until Jan 23,House rules,empty,empty,"‚Ç¨148 x 7 nightsView price breakdown‚Ç¨1,034",Cleaning feeView price breakdown‚Ç¨80,empty,Service feeView price breakdown‚Ç¨0,"Total‚Ç¨1,114",empty,empty,empty,empty,empty,empty,"Languages: Nederlands, English, Fran√ßais, Deutsch**__**Response rate: 100%**__**Response time: within an hour",Û∞Ä•Check-in:  After 4:00 PM**__**Û∞Ä•Checkout: 10:00 AM**__**Û±§àNo smoking**__**Û±§ÜNo pets**__**ÛπÄÅCommitted to Airbnb's enhanced cleaning process. Learn more**__**Airbnb's social-distancing and other COVID-19-related guidelines apply**__**Û±†ÜCarbon monoxide alarm not reported Learn more**__**Û±†ÜSmoke alarm not reported Learn more,"{""amentity_Bedroom and laundry"": [""Essentials"", ""Hangers""], ""amentity_Entertainment"": [""Cable TV"", ""TV""], ""amentity_Heating and cooling"": [""Heating""], ""amentity_Internet and office"": [""Wifi"", ""Dedicated workspace""], ""amentity_Kitchen and dining"": [""Microwave"", ""Kitchen"", ""Dishwasher"", ""Coffee maker"", ""Oven""], ""amentity_Location features"": [""Private entrance""], ""amentity_Parking and facilities"": [""Free street parking""], ""amentity_Services"": [""Long term stays allowed""], ""amentity_Not included"": [""Unavailable: Air conditioning"", ""Unavailable: Shampoo"", ""Unavailable: Washer"", ""Unavailable: Hair dryer"", ""Unavailable: Carbon monoxide alarm"", ""Unavailable: Smoke alarm""]}"
/rooms/18661920?adults=4&check_in=2021-02-06&check_out=2021-02-13&previous_page_section_name=1000&federated_search_id=a5597a67-ccf0-47c0-8dbc-040e73310d45,Luxury 3-bed apartment in central Mayrhofen,Entire apartment in Mayrhofen,8 guests ¬∑ 3 bedrooms ¬∑ 6 beds ¬∑ 2 baths,Wifi ¬∑ Kitchen ¬∑ Free parking ¬∑ Elevator,empty,4.95¬†(40),empty,SUPERHOST,Entire home,Enhanced Clean,Niki is a Superhost,Free cancellation until Jan 23,House rules,empty,empty,"‚Ç¨450 x 7 nightsView price breakdown‚Ç¨3,150",Cleaning feeView price breakdown‚Ç¨100,empty,Service feeView price breakdown‚Ç¨551,"Total‚Ç¨3,801",4.8,4.9,5.0,4.9,4.8,4.7,Response rate: 100%**__**Response time: within a day,Û∞Ä•Check-in:  After 3:00 PM**__**Û∞Ä•Checkout: 10:00 AM**__**Û±§ÑNot suitable for infants (under 2 years)**__**Û±§àNo smoking**__**Û±§ÜNo pets**__**Û±§ÇNo parties or events**__**ÛπÄÅCommitted to Airbnb's enhanced cleaning process. Learn more**__**Airbnb's social-distancing and other COVID-19-related guidelines apply**__**Û±†ÜCarbon monoxide alarm not reported Learn more**__**Û±†ÅSmoke alarm,"{""amentity_Bathroom"": [""Hot water"", ""Hair dryer""], ""amentity_Bedroom and laundry"": [""Iron"", ""Washer"", ""Essentials"", ""Hangers""], ""amentity_Entertainment"": [""TV""], ""amentity_Heating and cooling"": [""Heating""], ""amentity_Home safety"": [""Unavailable: Security cameras on property"", ""First aid kit"", ""Fire extinguisher"", ""Smoke alarm""], ""amentity_Internet and office"": [""Wifi""], ""amentity_Kitchen and dining"": [""Stove"", ""Dishwasher"", ""Oven"", ""Cooking basics"", ""Kitchen"", ""Refrigerator"", ""Coffee maker""], ""amentity_Outdoor"": [""Patio or balcony""], ""amentity_Parking and facilities"": [""Elevator"", ""Free parking on premises""], ""amentity_Services"": [""Host greets you""], ""amentity_Not included"": [""Unavailable: Carbon monoxide alarm"", ""Unavailable: Air conditioning"", ""Unavailable: Private entrance"", ""Unavailable: Shampoo""]}"
/rooms/38735954?adults=4&check_in=2021-02-06&check_out=2021-02-13&previous_page_section_name=1000&federated_search_id=a5597a67-ccf0-47c0-8dbc-040e73310d45,APPARTEMENT AHORN,Entire apartment in Ramsau im Zillertal,5 guests ¬∑ 2 bedrooms ¬∑ 4 beds ¬∑ 2 baths,Wifi ¬∑ Kitchen ¬∑ Free parking ¬∑ Dishwasher,empty,empty,empty,empty,Entire home,Enhanced Clean,Free cancellation until 1:00 PM on Feb 1,House rules,empty,empty,empty,"‚Ç¨260 x 7 nightsView price breakdown‚Ç¨1,820",1% weekly price discountView price breakdown-‚Ç¨27,Cleaning feeView price breakdown‚Ç¨100,Service feeView price breakdown‚Ç¨321,"Total‚Ç¨2,214",empty,empty,empty,empty,empty,empty,Response rate: 100%**__**Response time: within a day,Û∞Ä•Check-in:  1:00 PM - 8:00 PM**__**Û∞Ä•Checkout: 9:00 AM**__**Û±§àNo smoking**__**Û±§ÜNo pets**__**Û±§ÇNo parties or events**__**ÛπÄÅCommitted to Airbnb's enhanced cleaning process. Learn more**__**Airbnb's social-distancing and other COVID-19-related guidelines apply**__**Û±†ÜCarbon monoxide alarm not reported Learn more**__**Û±†ÜSmoke alarm not reported Learn more,"{""amentity_Basic"": [""TV"", ""Heating"", ""Hot water"", ""Wifi"", ""Essentials""], ""amentity_Family features"": [""Pack \u2019n Play/travel crib"", ""High chair""], ""amentity_Facilities"": [""Free parking on premises""], ""amentity_Dining"": [""Stove"", ""Microwave"", ""Dishwasher"", ""Cooking basics"", ""Dishes and silverware"", ""Kitchen"", ""Refrigerator"", ""Coffee maker""], ""amentity_Bed and bath"": [""Bed linens"", ""Hair dryer"", ""Hangers"", ""Shampoo""], ""amentity_Outdoor"": [""Patio or balcony""], ""amentity_Not included"": [""Unavailable: Washer"", ""Unavailable: Carbon monoxide alarm"", ""Unavailable: Air conditioning"", ""Unavailable: Private entrance"", ""Unavailable: Smoke alarm""]}"
/rooms/36825932?adults=4&check_in=2021-02-06&check_out=2021-02-13&previous_page_section_name=1000&federated_search_id=a5597a67-ccf0-47c0-8dbc-040e73310d45,Ferienhaus Marie,Entire chalet in Schwendau,8 guests ¬∑ 3 bedrooms ¬∑ 8 beds ¬∑ 2 baths,Hosted by a business ¬∑ Kitchen ¬∑ Free parking ¬∑ Pets allowed,empty,4.67¬†(3),empty,empty,Entire home,Enhanced Clean,Great check-in experience,Free cancellation until Jan 23,empty,empty,empty,"‚Ç¨350 x 7 nightsView price breakdown‚Ç¨2,450",empty,empty,Service feeView price breakdown‚Ç¨415,"Total‚Ç¨2,865",5.0,5.0,5.0,3.3,5.0,4.7,Response rate: 75%**__**Response time: within a day,Û∞Ä•Check-in:  3:00 PM - 8:00 PM**__**Û∞Ä•Checkout: 9:00 AM**__**Û±§ÖPets are allowed**__**Û±†ÅLong term stays (28 days or more) are allowed**__**ÛπÄÅCommitted to Airbnb's enhanced cleaning process. Learn more**__**Airbnb's social-distancing and other COVID-19-related guidelines apply**__**Û±†ÜCarbon monoxide alarm not reported Learn more**__**Û±†ÅSmoke alarm,"{""amentity_Bedroom and laundry"": [""Hangers""], ""amentity_Entertainment"": [""TV""], ""amentity_Family"": [""Crib""], ""amentity_Heating and cooling"": [""Heating""], ""amentity_Home safety"": [""Unavailable: Security cameras on property"", ""Fire extinguisher"", ""Smoke alarm""], ""amentity_Kitchen and dining"": [""Stove"", ""Microwave"", ""Dishwasher"", ""Oven"", ""Cooking basics"", ""Dishes and silverware"", ""Kitchen"", ""Refrigerator"", ""Coffee maker""], ""amentity_Location features"": [""Private entrance""], ""amentity_Outdoor"": [""Garden or backyard"", ""Patio or balcony""], ""amentity_Parking and facilities"": [""Free parking on premises""], ""amentity_Services"": [""Luggage dropoff allowed""], ""amentity_Not included"": [""Unavailable: Wifi"", ""Unavailable: Washer"", ""Unavailable: Hair dryer"", ""Unavailable: Carbon monoxide alarm"", ""Unavailable: Air conditioning"", ""Unavailable: Essentials"", ""Unavailable: Shampoo""]}"
/rooms/45668488?adults=4&check_in=2021-02-06&check_out=2021-02-13&previous_page_section_name=1000&federated_search_id=a5597a67-ccf0-47c0-8dbc-040e73310d45,Appartement N√§he Mayrhofen - HORBERG 1,Entire apartment in Schwendau,6 guests ¬∑ 2 bedrooms ¬∑ 4 beds ¬∑ 1 bath,Wifi ¬∑ Kitchen ¬∑ Free parking ¬∑ Dishwasher,empty,empty,empty,empty,Entire home,Enhanced Clean,Free cancellation until 1:00 PM on Feb 1,House rules,empty,empty,empty,"‚Ç¨211 x 7 nightsView price breakdown‚Ç¨1,480",5% weekly price discountView price breakdown-‚Ç¨74,Cleaning feeView price breakdown‚Ç¨100,Service feeView price breakdown‚Ç¨0,"Total‚Ç¨1,506",empty,empty,empty,empty,empty,empty,Response rate: 100%**__**Response time: within an hour,Û∞Ä•Check-in:  1:00 PM - 6:00 PM**__**Û∞Ä•Checkout: 9:00 AM**__**Û±§àNo smoking**__**Û±§ÜNo pets**__**Û±§ÇNo parties or events**__**ÛπÄÅCommitted to Airbnb's enhanced cleaning process. Learn more**__**Airbnb's social-distancing and other COVID-19-related guidelines apply**__**Û±†ÜCarbon monoxide alarm not reported Learn more**__**Û±†ÅSmoke alarm,{}
/rooms/3072528?adults=4&check_in=2021-02-06&check_out=2021-02-13&previous_page_section_name=1000&federated_search_id=a5597a67-ccf0-47c0-8dbc-040e73310d45,Ferienhaus Chalet Schlossblick****,Entire chalet in Vomp,8 guests ¬∑ 4 bedrooms ¬∑ 8 beds ¬∑ 2 baths,Wifi ¬∑ Kitchen ¬∑ Free parking ¬∑ Hot tub,empty,4.95¬†(20),empty,SUPERHOST,Entire home,Enhanced Clean,Peter is a Superhost,Free cancellation until Jan 23,House rules,empty,empty,"‚Ç¨164 x 7 nightsView price breakdown‚Ç¨1,148",Cleaning feeView price breakdown‚Ç¨120,empty,Service feeView price breakdown‚Ç¨215,"Total‚Ç¨1,483",4.9,4.8,5.0,4.9,5.0,4.8,Language: English**__**Response rate: 100%**__**Response time: within an hour,Û∞Ä•Check-in:  After 3:00 PM**__**Û∞Ä•Checkout: 10:00 AM**__**Û±§àNo smoking**__**Û±§ÜNo pets**__**Û±†ÅLong term stays (28 days or more) are allowed**__**ÛπÄÅCommitted to Airbnb's enhanced cleaning process. Learn more**__**Airbnb's social-distancing and other COVID-19-related guidelines apply**__**Û±†ÜCarbon monoxide alarm not reported Learn more**__**Û±†ÅSmoke alarm,{}
/rooms/36806418?adults=4&check_in=2021-02-06&check_out=2021-02-13&previous_page_section_name=1000&federated_search_id=a5597a67-ccf0-47c0-8dbc-040e73310d45,Beautiful Apartment in Aschau im Zillertal with Terrace,Entire apartment in Aschau im Zillertal,9 guests ¬∑ 4 bedrooms ¬∑ 7 beds ¬∑ 4 baths,Wifi ¬∑ Kitchen ¬∑ Dishwasher,empty,empty,empty,empty,Entire home,Enhanced Clean,Experienced host,Free cancellation until Jan 23,House rules,empty,empty,"‚Ç¨229 x 7 nightsView price breakdown‚Ç¨1,606",Service feeView price breakdown‚Ç¨0,empty,Cleaning feeView price breakdown‚Ç¨90,"Total‚Ç¨1,696",empty,empty,empty,empty,empty,empty,"Languages: Nederlands, English, Fran√ßais, Deutsch**__**Response rate: 100%**__**Response time: within an hour",Û∞Ä•Check-in:  After 4:00 PM**__**Û∞Ä•Checkout: 9:00 AM**__**Û±§àNo smoking**__**Û±§ÜNo pets**__**ÛπÄÅCommitted to Airbnb's enhanced cleaning process. Learn more**__**Airbnb's social-distancing and other COVID-19-related guidelines apply**__**Û±†ÜCarbon monoxide alarm not reported Learn more**__**Û±†ÜSmoke alarm not reported Learn more,"{""amentity_Bedroom and laundry"": [""Essentials"", ""Hangers""], ""amentity_Entertainment"": [""Cable TV"", ""TV""], ""amentity_Heating and cooling"": [""Heating""], ""amentity_Internet and office"": [""Wifi"", ""Dedicated workspace""], ""amentity_Kitchen and dining"": [""Microwave"", ""Kitchen"", ""Dishwasher"", ""Coffee maker""], ""amentity_Location features"": [""Private entrance""], ""amentity_Parking and facilities"": [""Free street parking""], ""amentity_Services"": [""Long term stays allowed""], ""amentity_Not included"": [""Unavailable: Air conditioning"", ""Unavailable: Shampoo"", ""Unavailable: Washer"", ""Unavailable: Hair dryer"", ""Unavailable: Carbon monoxide alarm"", ""Unavailable: Smoke alarm""]}"
/rooms/45587526?adults=4&check_in=2021-02-06&check_out=2021-02-13&previous_page_section_name=1000&federated_search_id=a5597a67-ccf0-47c0-8dbc-040e73310d45,Haus Bendl I,Entire apartment in Aschau im Zillertal,6 guests ¬∑ 3 bedrooms ¬∑ 3 beds ¬∑ 2.5 baths,Hosted by a business ¬∑ Wifi ¬∑ Pool ¬∑ Kitchen,empty,empty,empty,empty,Entire home,Enhanced Clean,Pool,Cancellation policy,House rules,empty,empty,empty,empty,empty,empty,empty,empty,empty,empty,empty,empty,empty,,,{}
/rooms/46523300?adults=4&check_in=2021-02-06&check_out=2021-02-13&previous_page_section_name=1000&federated_search_id=a5597a67-ccf0-47c0-8dbc-040e73310d45,Apartment 1 Villa Daringer (2-4 pax.),Entire apartment in Mayrhofen,4 guests ¬∑ 1 bedroom ¬∑ 4 beds ¬∑ 1 bath,Wifi ¬∑ Free parking,empty,empty,empty,empty,Entire home,Enhanced Clean,Free cancellation until 3:00 PM on Feb 5,House rules,empty,empty,empty,"‚Ç¨190 x 7 nightsView price breakdown‚Ç¨1,330",Service feeView price breakdown‚Ç¨0,empty,Occupancy taxes and feesView price breakdown‚Ç¨62,"Total‚Ç¨1,392",empty,empty,empty,empty,empty,empty,Response rate: 70%**__**Response time: within a few hours,Û∞Ä•Check-in:  After 3:00 PM**__**Û±§àNo smoking**__**Û±§ÜNo pets**__**Û±§ÇNo parties or events**__**Û±†ÅLong term stays (28 days or more) are allowed**__**ÛπÄÅCommitted to Airbnb's enhanced cleaning process. Learn more**__**Airbnb's social-distancing and other COVID-19-related guidelines apply**__**Û±†ÜCarbon monoxide alarm not reported Learn more**__**Û±†ÅSmoke alarm,"{""amentity_Bathroom"": [""Hair dryer""], ""amentity_Bedroom and laundry"": [""Essentials"", ""Hangers""], ""amentity_Entertainment"": [""TV""], ""amentity_Heating and cooling"": [""Heating""], ""amentity_Home safety"": [""Unavailable: Security cameras on property"", ""Fire extinguisher"", ""Smoke alarm""], ""amentity_Internet and office"": [""Wifi""], ""amentity_Location features"": [""Private entrance""], ""amentity_Parking and facilities"": [""Free parking on premises""], ""amentity_Not included"": [""Unavailable: Air conditioning"", ""Unavailable: Kitchen"", ""Unavailable: Shampoo"", ""Unavailable: Washer"", ""Unavailable: Carbon monoxide alarm""]}"
